CCAA,Año,Ámbito,Categoría,Operaciones Vacío,% Vacío
Andalucía,2017,Intrarregional,Intramunicipal,,46.95
Andalucía,2017,Intrarregional,Intermunicipal,,46.53
Andalucía,2017,Interregional,Expedido,,27.9
Andalucía,2017,Interregional,Recibido,,17.22
Andalucía,2017,Internacional,Expedido,,4.67
Andalucía,2017,Internacional,Recibido,,30.62
Andalucía,2018,Intrarregional,Intramunicipal,,46.32
Andalucía,2018,Intrarregional,Intermunicipal,,45.93
Andalucía,2018,Interregional,Expedido,,28.46
Andalucía,2018,Interregional,Recibido,,14.38
Andalucía,2018,Internacional,Expedido,,6.4
Andalucía,2018,Internacional,Recibido,,27.09
Andalucía,2019,Intrarregional,Intramunicipal,,47.07
Andalucía,2019,Intrarregional,Intermunicipal,,46.58
Andalucía,2019,Interregional,Expedido,,25.15
Andalucía,2019,Interregional,Recibido,,17.17
Andalucía,2019,Internacional,Expedido,,7.56
Andalucía,2019,Internacional,Recibido,,21.25
Andalucía,2020,Intrarregional,Intramunicipal,,46.93
Andalucía,2020,Intrarregional,Intermunicipal,,46.41
Andalucía,2020,Interregional,Expedido,,22.72
Andalucía,2020,Interregional,Recibido,,18.38
Andalucía,2020,Internacional,Expedido,,5.63
Andalucía,2020,Internacional,Recibido,,20.62
Andalucía,2021,Intrarregional,Intramunicipal,,46.11
Andalucía,2021,Intrarregional,Intermunicipal,,46.58
Andalucía,2021,Interregional,Expedido,,23.38
Andalucía,2021,Interregional,Recibido,,17.11
Andalucía,2021,Internacional,Expedido,,6.64
Andalucía,2021,Internacional,Recibido,,27.59
Andalucía,2022,Intrarregional,Intramunicipal,,46.16
Andalucía,2022,Intrarregional,Intermunicipal,,46.41
Andalucía,2022,Interregional,Expedido,,24.22
Andalucía,2022,Interregional,Recibido,,16.82
Andalucía,2022,Internacional,Expedido,,7.45
Andalucía,2022,Internacional,Recibido,,30.75
Andalucía,2023,Intrarregional,Intramunicipal,,45.51
Andalucía,2023,Intrarregional,Intermunicipal,,47.55
Andalucía,2023,Interregional,Expedido,,23.37
Andalucía,2023,Interregional,Recibido,,17.68
Andalucía,2023,Internacional,Expedido,,7.62
Andalucía,2023,Internacional,Recibido,,29.81
Andalucía,2024,Intrarregional,Intramunicipal,,47.65
Andalucía,2024,Intrarregional,Intermunicipal,,47.38
Andalucía,2024,Interregional,Expedido,,24.35
Andalucía,2024,Interregional,Recibido,,17.37
Andalucía,2024,Internacional,Expedido,,6.51
Andalucía,2024,Internacional,Recibido,,31.5
Andalucía,2017,Intrarregional,Intramunicipal,,46.95
Andalucía,2017,Intrarregional,Intermunicipal,,46.53
Andalucía,2017,Interregional,Expedido,,27.9
Andalucía,2017,Interregional,Recibido,,17.22
Andalucía,2017,Internacional,Expedido,,4.67
Andalucía,2017,Internacional,Recibido,,30.62
Andalucía,2018,Intrarregional,Intramunicipal,,46.32
Andalucía,2018,Intrarregional,Intermunicipal,,45.93
Andalucía,2018,Interregional,Expedido,,28.46
Andalucía,2018,Interregional,Recibido,,14.38
Andalucía,2018,Internacional,Expedido,,6.4
Andalucía,2018,Internacional,Recibido,,27.09
Andalucía,2019,Intrarregional,Intramunicipal,,47.07
Andalucía,2019,Intrarregional,Intermunicipal,,46.58
Andalucía,2019,Interregional,Expedido,,25.15
Andalucía,2019,Interregional,Recibido,,17.17
Andalucía,2019,Internacional,Expedido,,7.56
Andalucía,2019,Internacional,Recibido,,21.25
Andalucía,2020,Intrarregional,Intramunicipal,,46.93
Andalucía,2020,Intrarregional,Intermunicipal,,46.41
Andalucía,2020,Interregional,Expedido,,22.72
Andalucía,2020,Interregional,Recibido,,18.38
Andalucía,2020,Internacional,Expedido,,5.63
Andalucía,2020,Internacional,Recibido,,20.62
Andalucía,2021,Intrarregional,Intramunicipal,,46.11
Andalucía,2021,Intrarregional,Intermunicipal,,46.58
Andalucía,2021,Interregional,Expedido,,23.38
Andalucía,2021,Interregional,Recibido,,17.11
Andalucía,2021,Internacional,Expedido,,6.64
Andalucía,2021,Internacional,Recibido,,27.59
Andalucía,2022,Intrarregional,Intramunicipal,,46.16
Andalucía,2022,Intrarregional,Intermunicipal,,46.41
Andalucía,2022,Interregional,Expedido,,24.22
Andalucía,2022,Interregional,Recibido,,16.82
Andalucía,2022,Internacional,Expedido,,7.45
Andalucía,2022,Internacional,Recibido,,30.75
Andalucía,2023,Intrarregional,Intramunicipal,,45.51
Andalucía,2023,Intrarregional,Intermunicipal,,47.55
Andalucía,2023,Interregional,Expedido,,23.37
Andalucía,2023,Interregional,Recibido,,17.68
Andalucía,2023,Internacional,Expedido,,7.62
Andalucía,2023,Internacional,Recibido,,29.81
Andalucía,2024,Intrarregional,Intramunicipal,,47.65
Andalucía,2024,Intrarregional,Intermunicipal,,47.38
Andalucía,2024,Interregional,Expedido,,24.35
Andalucía,2024,Interregional,Recibido,,17.37
Andalucía,2024,Internacional,Expedido,,6.51
Andalucía,2024,Internacional,Recibido,,31.5
Aragón,2017,Intrarregional,Intramunicipal,,46.13
Aragón,2017,Intrarregional,Intermunicipal,,48.32
Aragón,2017,Interregional,Expedido,,26.88
Aragón,2017,Interregional,Recibido,,28.16
Aragón,2017,Internacional,Expedido,,13.57
Aragón,2017,Internacional,Recibido,,16.19
Aragón,2018,Intrarregional,Intramunicipal,,46.44
Aragón,2018,Intrarregional,Intermunicipal,,49.74
Aragón,2018,Interregional,Expedido,,28.23
Aragón,2018,Interregional,Recibido,,29.35
Aragón,2018,Internacional,Expedido,,15.1
Aragón,2018,Internacional,Recibido,,17.87
Aragón,2019,Intrarregional,Intramunicipal,,46.98
Aragón,2019,Intrarregional,Intermunicipal,,49.51
Aragón,2019,Interregional,Expedido,,27.06
Aragón,2019,Interregional,Recibido,,29.09
Aragón,2019,Internacional,Expedido,,11.71
Aragón,2019,Internacional,Recibido,,18.36
Aragón,2020,Intrarregional,Intramunicipal,,45.3
Aragón,2020,Intrarregional,Intermunicipal,,50.38
Aragón,2020,Interregional,Expedido,,28.22
Aragón,2020,Interregional,Recibido,,30.18
Aragón,2020,Internacional,Expedido,,11.07
Aragón,2020,Internacional,Recibido,,22.03
Aragón,2021,Intrarregional,Intramunicipal,,47.77
Aragón,2021,Intrarregional,Intermunicipal,,50.83
Aragón,2021,Interregional,Expedido,,27.13
Aragón,2021,Interregional,Recibido,,30.76
Aragón,2021,Internacional,Expedido,,8.81
Aragón,2021,Internacional,Recibido,,20.49
Aragón,2022,Intrarregional,Intramunicipal,,46.31
Aragón,2022,Intrarregional,Intermunicipal,,49.85
Aragón,2022,Interregional,Expedido,,30.29
Aragón,2022,Interregional,Recibido,,29.3
Aragón,2022,Internacional,Expedido,,10.71
Aragón,2022,Internacional,Recibido,,19.05
Aragón,2023,Intrarregional,Intramunicipal,,45.38
Aragón,2023,Intrarregional,Intermunicipal,,50.13
Aragón,2023,Interregional,Expedido,,28.92
Aragón,2023,Interregional,Recibido,,30.73
Aragón,2023,Internacional,Expedido,,11.42
Aragón,2023,Internacional,Recibido,,14.64
Aragón,2024,Intrarregional,Intramunicipal,,42.62
Aragón,2024,Intrarregional,Intermunicipal,,50.49
Aragón,2024,Interregional,Expedido,,31.05
Aragón,2024,Interregional,Recibido,,29.91
Aragón,2024,Internacional,Expedido,,18.61
Aragón,2024,Internacional,Recibido,,14.18
Aragón,2017,Intrarregional,Intramunicipal,,46.13
Aragón,2017,Intrarregional,Intermunicipal,,48.32
Aragón,2017,Interregional,Expedido,,26.88
Aragón,2017,Interregional,Recibido,,28.16
Aragón,2017,Internacional,Expedido,,13.57
Aragón,2017,Internacional,Recibido,,16.19
Aragón,2018,Intrarregional,Intramunicipal,,46.44
Aragón,2018,Intrarregional,Intermunicipal,,49.74
Aragón,2018,Interregional,Expedido,,28.23
Aragón,2018,Interregional,Recibido,,29.35
Aragón,2018,Internacional,Expedido,,15.1
Aragón,2018,Internacional,Recibido,,17.87
Aragón,2019,Intrarregional,Intramunicipal,,46.98
Aragón,2019,Intrarregional,Intermunicipal,,49.51
Aragón,2019,Interregional,Expedido,,27.06
Aragón,2019,Interregional,Recibido,,29.09
Aragón,2019,Internacional,Expedido,,11.71
Aragón,2019,Internacional,Recibido,,18.36
Aragón,2020,Intrarregional,Intramunicipal,,45.3
Aragón,2020,Intrarregional,Intermunicipal,,50.38
Aragón,2020,Interregional,Expedido,,28.22
Aragón,2020,Interregional,Recibido,,30.18
Aragón,2020,Internacional,Expedido,,11.07
Aragón,2020,Internacional,Recibido,,22.03
Aragón,2021,Intrarregional,Intramunicipal,,47.77
Aragón,2021,Intrarregional,Intermunicipal,,50.83
Aragón,2021,Interregional,Expedido,,27.13
Aragón,2021,Interregional,Recibido,,30.76
Aragón,2021,Internacional,Expedido,,8.81
Aragón,2021,Internacional,Recibido,,20.49
Aragón,2022,Intrarregional,Intramunicipal,,46.31
Aragón,2022,Intrarregional,Intermunicipal,,49.85
Aragón,2022,Interregional,Expedido,,30.29
Aragón,2022,Interregional,Recibido,,29.3
Aragón,2022,Internacional,Expedido,,10.71
Aragón,2022,Internacional,Recibido,,19.05
Aragón,2023,Intrarregional,Intramunicipal,,45.38
Aragón,2023,Intrarregional,Intermunicipal,,50.13
Aragón,2023,Interregional,Expedido,,28.92
Aragón,2023,Interregional,Recibido,,30.73
Aragón,2023,Internacional,Expedido,,11.42
Aragón,2023,Internacional,Recibido,,14.64
Aragón,2024,Intrarregional,Intramunicipal,,42.62
Aragón,2024,Intrarregional,Intermunicipal,,50.49
Aragón,2024,Interregional,Expedido,,31.05
Aragón,2024,Interregional,Recibido,,29.91
Aragón,2024,Internacional,Expedido,,18.61
Aragón,2024,Internacional,Recibido,,14.18
"Asturias, Principado De",2017,Intrarregional,Intramunicipal,,48.55
"Asturias, Principado De",2017,Intrarregional,Intermunicipal,,48.06
"Asturias, Principado De",2017,Interregional,Expedido,,32.87
"Asturias, Principado De",2017,Interregional,Recibido,,24.45
"Asturias, Principado De",2017,Internacional,Expedido,,14.49
"Asturias, Principado De",2017,Internacional,Recibido,,5.2
"Asturias, Principado De",2018,Intrarregional,Intramunicipal,,48.94
"Asturias, Principado De",2018,Intrarregional,Intermunicipal,,49.95
"Asturias, Principado De",2018,Interregional,Expedido,,39.16
"Asturias, Principado De",2018,Interregional,Recibido,,20.61
"Asturias, Principado De",2018,Internacional,Expedido,,6.62
"Asturias, Principado De",2018,Internacional,Recibido,,29.62
"Asturias, Principado De",2019,Intrarregional,Intramunicipal,,49.38
"Asturias, Principado De",2019,Intrarregional,Intermunicipal,,50.02
"Asturias, Principado De",2019,Interregional,Expedido,,29.13
"Asturias, Principado De",2019,Interregional,Recibido,,27.47
"Asturias, Principado De",2019,Internacional,Expedido,,3.41
"Asturias, Principado De",2019,Internacional,Recibido,,16.44
"Asturias, Principado De",2020,Intrarregional,Intramunicipal,,50.21
"Asturias, Principado De",2020,Intrarregional,Intermunicipal,,50.13
"Asturias, Principado De",2020,Interregional,Expedido,,37.95
"Asturias, Principado De",2020,Interregional,Recibido,,22.76
"Asturias, Principado De",2020,Internacional,Expedido,,2.19
"Asturias, Principado De",2020,Internacional,Recibido,,22.37
"Asturias, Principado De",2021,Intrarregional,Intramunicipal,,48.3
"Asturias, Principado De",2021,Intrarregional,Intermunicipal,,50.89
"Asturias, Principado De",2021,Interregional,Expedido,,35.6
"Asturias, Principado De",2021,Interregional,Recibido,,19.19
"Asturias, Principado De",2021,Internacional,Expedido,,1.94
"Asturias, Principado De",2021,Internacional,Recibido,,12.34
"Asturias, Principado De",2022,Intrarregional,Intramunicipal,,49.21
"Asturias, Principado De",2022,Intrarregional,Intermunicipal,,51.09
"Asturias, Principado De",2022,Interregional,Expedido,,38.04
"Asturias, Principado De",2022,Interregional,Recibido,,23.97
"Asturias, Principado De",2022,Internacional,Expedido,,2.25
"Asturias, Principado De",2022,Internacional,Recibido,,26.22
"Asturias, Principado De",2023,Intrarregional,Intramunicipal,,47.76
"Asturias, Principado De",2023,Intrarregional,Intermunicipal,,50.84
"Asturias, Principado De",2023,Interregional,Expedido,,38.68
"Asturias, Principado De",2023,Interregional,Recibido,,18.34
"Asturias, Principado De",2023,Internacional,Expedido,,4.46
"Asturias, Principado De",2023,Internacional,Recibido,,10.97
"Asturias, Principado De",2024,Intrarregional,Intramunicipal,,48.43
"Asturias, Principado De",2024,Intrarregional,Intermunicipal,,49.65
"Asturias, Principado De",2024,Interregional,Expedido,,28.95
"Asturias, Principado De",2024,Interregional,Recibido,,23.01
"Asturias, Principado De",2024,Internacional,Expedido,,10.51
"Asturias, Principado De",2024,Internacional,Recibido,,11.64
"Asturias, Principado De",2017,Intrarregional,Intramunicipal,,48.55
"Asturias, Principado De",2017,Intrarregional,Intermunicipal,,48.06
"Asturias, Principado De",2017,Interregional,Expedido,,32.87
"Asturias, Principado De",2017,Interregional,Recibido,,24.45
"Asturias, Principado De",2017,Internacional,Expedido,,14.49
"Asturias, Principado De",2017,Internacional,Recibido,,5.2
"Asturias, Principado De",2018,Intrarregional,Intramunicipal,,48.94
"Asturias, Principado De",2018,Intrarregional,Intermunicipal,,49.95
"Asturias, Principado De",2018,Interregional,Expedido,,39.16
"Asturias, Principado De",2018,Interregional,Recibido,,20.61
"Asturias, Principado De",2018,Internacional,Expedido,,6.62
"Asturias, Principado De",2018,Internacional,Recibido,,29.62
"Asturias, Principado De",2019,Intrarregional,Intramunicipal,,49.38
"Asturias, Principado De",2019,Intrarregional,Intermunicipal,,50.02
"Asturias, Principado De",2019,Interregional,Expedido,,29.13
"Asturias, Principado De",2019,Interregional,Recibido,,27.47
"Asturias, Principado De",2019,Internacional,Expedido,,3.41
"Asturias, Principado De",2019,Internacional,Recibido,,16.44
"Asturias, Principado De",2020,Intrarregional,Intramunicipal,,50.21
"Asturias, Principado De",2020,Intrarregional,Intermunicipal,,50.13
"Asturias, Principado De",2020,Interregional,Expedido,,37.95
"Asturias, Principado De",2020,Interregional,Recibido,,22.76
"Asturias, Principado De",2020,Internacional,Expedido,,2.19
"Asturias, Principado De",2020,Internacional,Recibido,,22.37
"Asturias, Principado De",2021,Intrarregional,Intramunicipal,,48.3
"Asturias, Principado De",2021,Intrarregional,Intermunicipal,,50.89
"Asturias, Principado De",2021,Interregional,Expedido,,35.6
"Asturias, Principado De",2021,Interregional,Recibido,,19.19
"Asturias, Principado De",2021,Internacional,Expedido,,1.94
"Asturias, Principado De",2021,Internacional,Recibido,,12.34
"Asturias, Principado De",2022,Intrarregional,Intramunicipal,,49.21
"Asturias, Principado De",2022,Intrarregional,Intermunicipal,,51.09
"Asturias, Principado De",2022,Interregional,Expedido,,38.04
"Asturias, Principado De",2022,Interregional,Recibido,,23.97
"Asturias, Principado De",2022,Internacional,Expedido,,2.25
"Asturias, Principado De",2022,Internacional,Recibido,,26.22
"Asturias, Principado De",2023,Intrarregional,Intramunicipal,,47.76
"Asturias, Principado De",2023,Intrarregional,Intermunicipal,,50.84
"Asturias, Principado De",2023,Interregional,Expedido,,38.68
"Asturias, Principado De",2023,Interregional,Recibido,,18.34
"Asturias, Principado De",2023,Internacional,Expedido,,4.46
"Asturias, Principado De",2023,Internacional,Recibido,,10.97
"Asturias, Principado De",2024,Intrarregional,Intramunicipal,,48.43
"Asturias, Principado De",2024,Intrarregional,Intermunicipal,,49.65
"Asturias, Principado De",2024,Interregional,Expedido,,28.95
"Asturias, Principado De",2024,Interregional,Recibido,,23.01
"Asturias, Principado De",2024,Internacional,Expedido,,10.51
"Asturias, Principado De",2024,Internacional,Recibido,,11.64
"Balears, Illes",2017,Intrarregional,Intramunicipal,,48.34
"Balears, Illes",2017,Intrarregional,Intermunicipal,,46.73
"Balears, Illes",2017,Interregional,Expedido,,72.04
"Balears, Illes",2017,Interregional,Recibido,,1.37
"Balears, Illes",2017,Internacional,Expedido,,13.0
"Balears, Illes",2017,Internacional,Recibido,,0.0
"Balears, Illes",2018,Intrarregional,Intramunicipal,,47.9
"Balears, Illes",2018,Intrarregional,Intermunicipal,,45.97
"Balears, Illes",2018,Interregional,Expedido,,65.19
"Balears, Illes",2018,Interregional,Recibido,,1.15
"Balears, Illes",2018,Internacional,Expedido,,
"Balears, Illes",2018,Internacional,Recibido,,0.0
"Balears, Illes",2019,Intrarregional,Intramunicipal,,46.89
"Balears, Illes",2019,Intrarregional,Intermunicipal,,47.28
"Balears, Illes",2019,Interregional,Expedido,,63.28
"Balears, Illes",2019,Interregional,Recibido,,1.46
"Balears, Illes",2019,Internacional,Expedido,,
"Balears, Illes",2019,Internacional,Recibido,,0.0
"Balears, Illes",2020,Intrarregional,Intramunicipal,,47.13
"Balears, Illes",2020,Intrarregional,Intermunicipal,,48.6
"Balears, Illes",2020,Interregional,Expedido,,51.43
"Balears, Illes",2020,Interregional,Recibido,,6.99
"Balears, Illes",2020,Internacional,Expedido,,
"Balears, Illes",2020,Internacional,Recibido,,0.0
"Balears, Illes",2021,Intrarregional,Intramunicipal,,48.88
"Balears, Illes",2021,Intrarregional,Intermunicipal,,47.39
"Balears, Illes",2021,Interregional,Expedido,,57.21
"Balears, Illes",2021,Interregional,Recibido,,1.45
"Balears, Illes",2021,Internacional,Expedido,,0.0
"Balears, Illes",2021,Internacional,Recibido,,0.0
"Balears, Illes",2022,Intrarregional,Intramunicipal,,49.19
"Balears, Illes",2022,Intrarregional,Intermunicipal,,48.76
"Balears, Illes",2022,Interregional,Expedido,,71.64
"Balears, Illes",2022,Interregional,Recibido,,0.3
"Balears, Illes",2022,Internacional,Expedido,,
"Balears, Illes",2022,Internacional,Recibido,,
"Balears, Illes",2023,Intrarregional,Intramunicipal,,49.47
"Balears, Illes",2023,Intrarregional,Intermunicipal,,47.18
"Balears, Illes",2023,Interregional,Expedido,,55.07
"Balears, Illes",2023,Interregional,Recibido,,4.53
"Balears, Illes",2023,Internacional,Expedido,,
"Balears, Illes",2023,Internacional,Recibido,,
"Balears, Illes",2024,Intrarregional,Intramunicipal,,45.78
"Balears, Illes",2024,Intrarregional,Intermunicipal,,47.44
"Balears, Illes",2024,Interregional,Expedido,,53.98
"Balears, Illes",2024,Interregional,Recibido,,5.08
"Balears, Illes",2024,Internacional,Expedido,,0.0
"Balears, Illes",2024,Internacional,Recibido,,
"Balears, Illes",2017,Intrarregional,Intramunicipal,,48.34
"Balears, Illes",2017,Intrarregional,Intermunicipal,,46.73
"Balears, Illes",2017,Interregional,Expedido,,72.04
"Balears, Illes",2017,Interregional,Recibido,,1.37
"Balears, Illes",2017,Internacional,Expedido,,13.0
"Balears, Illes",2017,Internacional,Recibido,,0.0
"Balears, Illes",2018,Intrarregional,Intramunicipal,,47.9
"Balears, Illes",2018,Intrarregional,Intermunicipal,,45.97
"Balears, Illes",2018,Interregional,Expedido,,65.19
"Balears, Illes",2018,Interregional,Recibido,,1.15
"Balears, Illes",2018,Internacional,Expedido,,
"Balears, Illes",2018,Internacional,Recibido,,0.0
"Balears, Illes",2019,Intrarregional,Intramunicipal,,46.89
"Balears, Illes",2019,Intrarregional,Intermunicipal,,47.28
"Balears, Illes",2019,Interregional,Expedido,,63.28
"Balears, Illes",2019,Interregional,Recibido,,1.46
"Balears, Illes",2019,Internacional,Expedido,,
"Balears, Illes",2019,Internacional,Recibido,,0.0
"Balears, Illes",2020,Intrarregional,Intramunicipal,,47.13
"Balears, Illes",2020,Intrarregional,Intermunicipal,,48.6
"Balears, Illes",2020,Interregional,Expedido,,51.43
"Balears, Illes",2020,Interregional,Recibido,,6.99
"Balears, Illes",2020,Internacional,Expedido,,
"Balears, Illes",2020,Internacional,Recibido,,0.0
"Balears, Illes",2021,Intrarregional,Intramunicipal,,48.88
"Balears, Illes",2021,Intrarregional,Intermunicipal,,47.39
"Balears, Illes",2021,Interregional,Expedido,,57.21
"Balears, Illes",2021,Interregional,Recibido,,1.45
"Balears, Illes",2021,Internacional,Expedido,,0.0
"Balears, Illes",2021,Internacional,Recibido,,0.0
"Balears, Illes",2022,Intrarregional,Intramunicipal,,49.19
"Balears, Illes",2022,Intrarregional,Intermunicipal,,48.76
"Balears, Illes",2022,Interregional,Expedido,,71.64
"Balears, Illes",2022,Interregional,Recibido,,0.3
"Balears, Illes",2022,Internacional,Expedido,,
"Balears, Illes",2022,Internacional,Recibido,,
"Balears, Illes",2023,Intrarregional,Intramunicipal,,49.47
"Balears, Illes",2023,Intrarregional,Intermunicipal,,47.18
"Balears, Illes",2023,Interregional,Expedido,,55.07
"Balears, Illes",2023,Interregional,Recibido,,4.53
"Balears, Illes",2023,Internacional,Expedido,,
"Balears, Illes",2023,Internacional,Recibido,,
"Balears, Illes",2024,Intrarregional,Intramunicipal,,45.78
"Balears, Illes",2024,Intrarregional,Intermunicipal,,47.44
"Balears, Illes",2024,Interregional,Expedido,,53.98
"Balears, Illes",2024,Interregional,Recibido,,5.08
"Balears, Illes",2024,Internacional,Expedido,,0.0
"Balears, Illes",2024,Internacional,Recibido,,
Canarias,2017,Intrarregional,Intramunicipal,,45.69
Canarias,2017,Intrarregional,Intermunicipal,,44.6
Canarias,2017,Interregional,Expedido,,0.0
Canarias,2017,Interregional,Recibido,,
Canarias,2017,Internacional,Expedido,,
Canarias,2017,Internacional,Recibido,,
Canarias,2018,Intrarregional,Intramunicipal,,44.67
Canarias,2018,Intrarregional,Intermunicipal,,42.64
Canarias,2018,Interregional,Expedido,,100.0
Canarias,2018,Interregional,Recibido,,0.0
Canarias,2018,Internacional,Expedido,,
Canarias,2018,Internacional,Recibido,,
Canarias,2019,Intrarregional,Intramunicipal,,46.36
Canarias,2019,Intrarregional,Intermunicipal,,44.29
Canarias,2019,Interregional,Expedido,,100.0
Canarias,2019,Interregional,Recibido,,0.0
Canarias,2019,Internacional,Expedido,,
Canarias,2019,Internacional,Recibido,,
Canarias,2020,Intrarregional,Intramunicipal,,46.64
Canarias,2020,Intrarregional,Intermunicipal,,44.85
Canarias,2020,Interregional,Expedido,,100.0
Canarias,2020,Interregional,Recibido,,0.0
Canarias,2020,Internacional,Expedido,,
Canarias,2020,Internacional,Recibido,,0.0
Canarias,2021,Intrarregional,Intramunicipal,,46.67
Canarias,2021,Intrarregional,Intermunicipal,,44.02
Canarias,2021,Interregional,Expedido,,0.0
Canarias,2021,Interregional,Recibido,,0.0
Canarias,2021,Internacional,Expedido,,
Canarias,2021,Internacional,Recibido,,
Canarias,2022,Intrarregional,Intramunicipal,,44.86
Canarias,2022,Intrarregional,Intermunicipal,,44.62
Canarias,2022,Interregional,Expedido,,
Canarias,2022,Interregional,Recibido,,
Canarias,2022,Internacional,Expedido,,
Canarias,2022,Internacional,Recibido,,
Canarias,2023,Intrarregional,Intramunicipal,,44.84
Canarias,2023,Intrarregional,Intermunicipal,,44.63
Canarias,2023,Interregional,Expedido,,
Canarias,2023,Interregional,Recibido,,
Canarias,2023,Internacional,Expedido,,
Canarias,2023,Internacional,Recibido,,
Canarias,2024,Intrarregional,Intramunicipal,,46.91
Canarias,2024,Intrarregional,Intermunicipal,,44.0
Canarias,2024,Interregional,Expedido,,100.0
Canarias,2024,Interregional,Recibido,,0.0
Canarias,2024,Internacional,Expedido,,
Canarias,2024,Internacional,Recibido,,
Canarias,2017,Intrarregional,Intramunicipal,,45.69
Canarias,2017,Intrarregional,Intermunicipal,,44.6
Canarias,2017,Interregional,Expedido,,0.0
Canarias,2017,Interregional,Recibido,,
Canarias,2017,Internacional,Expedido,,
Canarias,2017,Internacional,Recibido,,
Canarias,2018,Intrarregional,Intramunicipal,,44.67
Canarias,2018,Intrarregional,Intermunicipal,,42.64
Canarias,2018,Interregional,Expedido,,100.0
Canarias,2018,Interregional,Recibido,,0.0
Canarias,2018,Internacional,Expedido,,
Canarias,2018,Internacional,Recibido,,
Canarias,2019,Intrarregional,Intramunicipal,,46.36
Canarias,2019,Intrarregional,Intermunicipal,,44.29
Canarias,2019,Interregional,Expedido,,100.0
Canarias,2019,Interregional,Recibido,,0.0
Canarias,2019,Internacional,Expedido,,
Canarias,2019,Internacional,Recibido,,
Canarias,2020,Intrarregional,Intramunicipal,,46.64
Canarias,2020,Intrarregional,Intermunicipal,,44.85
Canarias,2020,Interregional,Expedido,,100.0
Canarias,2020,Interregional,Recibido,,0.0
Canarias,2020,Internacional,Expedido,,
Canarias,2020,Internacional,Recibido,,0.0
Canarias,2021,Intrarregional,Intramunicipal,,46.67
Canarias,2021,Intrarregional,Intermunicipal,,44.02
Canarias,2021,Interregional,Expedido,,0.0
Canarias,2021,Interregional,Recibido,,0.0
Canarias,2021,Internacional,Expedido,,
Canarias,2021,Internacional,Recibido,,
Canarias,2022,Intrarregional,Intramunicipal,,44.86
Canarias,2022,Intrarregional,Intermunicipal,,44.62
Canarias,2022,Interregional,Expedido,,
Canarias,2022,Interregional,Recibido,,
Canarias,2022,Internacional,Expedido,,
Canarias,2022,Internacional,Recibido,,
Canarias,2023,Intrarregional,Intramunicipal,,44.84
Canarias,2023,Intrarregional,Intermunicipal,,44.63
Canarias,2023,Interregional,Expedido,,
Canarias,2023,Interregional,Recibido,,
Canarias,2023,Internacional,Expedido,,
Canarias,2023,Internacional,Recibido,,
Canarias,2024,Intrarregional,Intramunicipal,,46.91
Canarias,2024,Intrarregional,Intermunicipal,,44.0
Canarias,2024,Interregional,Expedido,,100.0
Canarias,2024,Interregional,Recibido,,0.0
Canarias,2024,Internacional,Expedido,,
Canarias,2024,Internacional,Recibido,,
Cantabria,2017,Intrarregional,Intramunicipal,,51.35
Cantabria,2017,Intrarregional,Intermunicipal,,50.21
Cantabria,2017,Interregional,Expedido,,32.91
Cantabria,2017,Interregional,Recibido,,34.66
Cantabria,2017,Internacional,Expedido,,5.84
Cantabria,2017,Internacional,Recibido,,19.81
Cantabria,2018,Intrarregional,Intramunicipal,,50.91
Cantabria,2018,Intrarregional,Intermunicipal,,50.87
Cantabria,2018,Interregional,Expedido,,31.35
Cantabria,2018,Interregional,Recibido,,31.41
Cantabria,2018,Internacional,Expedido,,1.33
Cantabria,2018,Internacional,Recibido,,21.77
Cantabria,2019,Intrarregional,Intramunicipal,,46.92
Cantabria,2019,Intrarregional,Intermunicipal,,51.41
Cantabria,2019,Interregional,Expedido,,34.02
Cantabria,2019,Interregional,Recibido,,28.04
Cantabria,2019,Internacional,Expedido,,5.13
Cantabria,2019,Internacional,Recibido,,24.51
Cantabria,2020,Intrarregional,Intramunicipal,,49.16
Cantabria,2020,Intrarregional,Intermunicipal,,52.09
Cantabria,2020,Interregional,Expedido,,38.09
Cantabria,2020,Interregional,Recibido,,27.94
Cantabria,2020,Internacional,Expedido,,8.85
Cantabria,2020,Internacional,Recibido,,14.25
Cantabria,2021,Intrarregional,Intramunicipal,,50.95
Cantabria,2021,Intrarregional,Intermunicipal,,50.59
Cantabria,2021,Interregional,Expedido,,32.2
Cantabria,2021,Interregional,Recibido,,31.82
Cantabria,2021,Internacional,Expedido,,5.03
Cantabria,2021,Internacional,Recibido,,39.3
Cantabria,2022,Intrarregional,Intramunicipal,,49.26
Cantabria,2022,Intrarregional,Intermunicipal,,52.13
Cantabria,2022,Interregional,Expedido,,33.76
Cantabria,2022,Interregional,Recibido,,27.56
Cantabria,2022,Internacional,Expedido,,0.0
Cantabria,2022,Internacional,Recibido,,12.77
Cantabria,2023,Intrarregional,Intramunicipal,,48.42
Cantabria,2023,Intrarregional,Intermunicipal,,50.84
Cantabria,2023,Interregional,Expedido,,33.43
Cantabria,2023,Interregional,Recibido,,31.83
Cantabria,2023,Internacional,Expedido,,2.94
Cantabria,2023,Internacional,Recibido,,10.22
Cantabria,2024,Intrarregional,Intramunicipal,,49.46
Cantabria,2024,Intrarregional,Intermunicipal,,51.21
Cantabria,2024,Interregional,Expedido,,31.46
Cantabria,2024,Interregional,Recibido,,32.07
Cantabria,2024,Internacional,Expedido,,7.81
Cantabria,2024,Internacional,Recibido,,23.13
Cantabria,2017,Intrarregional,Intramunicipal,,51.35
Cantabria,2017,Intrarregional,Intermunicipal,,50.21
Cantabria,2017,Interregional,Expedido,,32.91
Cantabria,2017,Interregional,Recibido,,34.66
Cantabria,2017,Internacional,Expedido,,5.84
Cantabria,2017,Internacional,Recibido,,19.81
Cantabria,2018,Intrarregional,Intramunicipal,,50.91
Cantabria,2018,Intrarregional,Intermunicipal,,50.87
Cantabria,2018,Interregional,Expedido,,31.35
Cantabria,2018,Interregional,Recibido,,31.41
Cantabria,2018,Internacional,Expedido,,1.33
Cantabria,2018,Internacional,Recibido,,21.77
Cantabria,2019,Intrarregional,Intramunicipal,,46.92
Cantabria,2019,Intrarregional,Intermunicipal,,51.41
Cantabria,2019,Interregional,Expedido,,34.02
Cantabria,2019,Interregional,Recibido,,28.04
Cantabria,2019,Internacional,Expedido,,5.13
Cantabria,2019,Internacional,Recibido,,24.51
Cantabria,2020,Intrarregional,Intramunicipal,,49.16
Cantabria,2020,Intrarregional,Intermunicipal,,52.09
Cantabria,2020,Interregional,Expedido,,38.09
Cantabria,2020,Interregional,Recibido,,27.94
Cantabria,2020,Internacional,Expedido,,8.85
Cantabria,2020,Internacional,Recibido,,14.25
Cantabria,2021,Intrarregional,Intramunicipal,,50.95
Cantabria,2021,Intrarregional,Intermunicipal,,50.59
Cantabria,2021,Interregional,Expedido,,32.2
Cantabria,2021,Interregional,Recibido,,31.82
Cantabria,2021,Internacional,Expedido,,5.03
Cantabria,2021,Internacional,Recibido,,39.3
Cantabria,2022,Intrarregional,Intramunicipal,,49.26
Cantabria,2022,Intrarregional,Intermunicipal,,52.13
Cantabria,2022,Interregional,Expedido,,33.76
Cantabria,2022,Interregional,Recibido,,27.56
Cantabria,2022,Internacional,Expedido,,0.0
Cantabria,2022,Internacional,Recibido,,12.77
Cantabria,2023,Intrarregional,Intramunicipal,,48.42
Cantabria,2023,Intrarregional,Intermunicipal,,50.84
Cantabria,2023,Interregional,Expedido,,33.43
Cantabria,2023,Interregional,Recibido,,31.83
Cantabria,2023,Internacional,Expedido,,2.94
Cantabria,2023,Internacional,Recibido,,10.22
Cantabria,2024,Intrarregional,Intramunicipal,,49.46
Cantabria,2024,Intrarregional,Intermunicipal,,51.21
Cantabria,2024,Interregional,Expedido,,31.46
Cantabria,2024,Interregional,Recibido,,32.07
Cantabria,2024,Internacional,Expedido,,7.81
Cantabria,2024,Internacional,Recibido,,23.13
Castilla - La Mancha,2017,Intrarregional,Intramunicipal,,43.95
Castilla - La Mancha,2017,Intrarregional,Intermunicipal,,49.66
Castilla - La Mancha,2017,Interregional,Expedido,,29.52
Castilla - La Mancha,2017,Interregional,Recibido,,41.44
Castilla - La Mancha,2017,Internacional,Expedido,,2.12
Castilla - La Mancha,2017,Internacional,Recibido,,13.44
Castilla - La Mancha,2018,Intrarregional,Intramunicipal,,48.0
Castilla - La Mancha,2018,Intrarregional,Intermunicipal,,50.76
Castilla - La Mancha,2018,Interregional,Expedido,,30.57
Castilla - La Mancha,2018,Interregional,Recibido,,41.02
Castilla - La Mancha,2018,Internacional,Expedido,,1.58
Castilla - La Mancha,2018,Internacional,Recibido,,9.9
Castilla - La Mancha,2019,Intrarregional,Intramunicipal,,49.09
Castilla - La Mancha,2019,Intrarregional,Intermunicipal,,49.55
Castilla - La Mancha,2019,Interregional,Expedido,,32.0
Castilla - La Mancha,2019,Interregional,Recibido,,41.13
Castilla - La Mancha,2019,Internacional,Expedido,,2.85
Castilla - La Mancha,2019,Internacional,Recibido,,12.14
Castilla - La Mancha,2020,Intrarregional,Intramunicipal,,47.37
Castilla - La Mancha,2020,Intrarregional,Intermunicipal,,51.56
Castilla - La Mancha,2020,Interregional,Expedido,,30.66
Castilla - La Mancha,2020,Interregional,Recibido,,43.49
Castilla - La Mancha,2020,Internacional,Expedido,,1.73
Castilla - La Mancha,2020,Internacional,Recibido,,11.35
Castilla - La Mancha,2021,Intrarregional,Intramunicipal,,48.12
Castilla - La Mancha,2021,Intrarregional,Intermunicipal,,51.1
Castilla - La Mancha,2021,Interregional,Expedido,,30.44
Castilla - La Mancha,2021,Interregional,Recibido,,42.16
Castilla - La Mancha,2021,Internacional,Expedido,,1.2
Castilla - La Mancha,2021,Internacional,Recibido,,9.5
Castilla - La Mancha,2022,Intrarregional,Intramunicipal,,48.77
Castilla - La Mancha,2022,Intrarregional,Intermunicipal,,50.08
Castilla - La Mancha,2022,Interregional,Expedido,,32.4
Castilla - La Mancha,2022,Interregional,Recibido,,38.84
Castilla - La Mancha,2022,Internacional,Expedido,,4.02
Castilla - La Mancha,2022,Internacional,Recibido,,9.2
Castilla - La Mancha,2023,Intrarregional,Intramunicipal,,47.88
Castilla - La Mancha,2023,Intrarregional,Intermunicipal,,50.68
Castilla - La Mancha,2023,Interregional,Expedido,,32.22
Castilla - La Mancha,2023,Interregional,Recibido,,41.49
Castilla - La Mancha,2023,Internacional,Expedido,,2.55
Castilla - La Mancha,2023,Internacional,Recibido,,7.32
Castilla - La Mancha,2024,Intrarregional,Intramunicipal,,50.58
Castilla - La Mancha,2024,Intrarregional,Intermunicipal,,50.57
Castilla - La Mancha,2024,Interregional,Expedido,,31.25
Castilla - La Mancha,2024,Interregional,Recibido,,42.17
Castilla - La Mancha,2024,Internacional,Expedido,,1.01
Castilla - La Mancha,2024,Internacional,Recibido,,12.04
Castilla - La Mancha,2017,Intrarregional,Intramunicipal,,43.95
Castilla - La Mancha,2017,Intrarregional,Intermunicipal,,49.66
Castilla - La Mancha,2017,Interregional,Expedido,,29.52
Castilla - La Mancha,2017,Interregional,Recibido,,41.44
Castilla - La Mancha,2017,Internacional,Expedido,,2.12
Castilla - La Mancha,2017,Internacional,Recibido,,13.44
Castilla - La Mancha,2018,Intrarregional,Intramunicipal,,48.0
Castilla - La Mancha,2018,Intrarregional,Intermunicipal,,50.76
Castilla - La Mancha,2018,Interregional,Expedido,,30.57
Castilla - La Mancha,2018,Interregional,Recibido,,41.02
Castilla - La Mancha,2018,Internacional,Expedido,,1.58
Castilla - La Mancha,2018,Internacional,Recibido,,9.9
Castilla - La Mancha,2019,Intrarregional,Intramunicipal,,49.09
Castilla - La Mancha,2019,Intrarregional,Intermunicipal,,49.55
Castilla - La Mancha,2019,Interregional,Expedido,,32.0
Castilla - La Mancha,2019,Interregional,Recibido,,41.13
Castilla - La Mancha,2019,Internacional,Expedido,,2.85
Castilla - La Mancha,2019,Internacional,Recibido,,12.14
Castilla - La Mancha,2020,Intrarregional,Intramunicipal,,47.37
Castilla - La Mancha,2020,Intrarregional,Intermunicipal,,51.56
Castilla - La Mancha,2020,Interregional,Expedido,,30.66
Castilla - La Mancha,2020,Interregional,Recibido,,43.49
Castilla - La Mancha,2020,Internacional,Expedido,,1.73
Castilla - La Mancha,2020,Internacional,Recibido,,11.35
Castilla - La Mancha,2021,Intrarregional,Intramunicipal,,48.12
Castilla - La Mancha,2021,Intrarregional,Intermunicipal,,51.1
Castilla - La Mancha,2021,Interregional,Expedido,,30.44
Castilla - La Mancha,2021,Interregional,Recibido,,42.16
Castilla - La Mancha,2021,Internacional,Expedido,,1.2
Castilla - La Mancha,2021,Internacional,Recibido,,9.5
Castilla - La Mancha,2022,Intrarregional,Intramunicipal,,48.77
Castilla - La Mancha,2022,Intrarregional,Intermunicipal,,50.08
Castilla - La Mancha,2022,Interregional,Expedido,,32.4
Castilla - La Mancha,2022,Interregional,Recibido,,38.84
Castilla - La Mancha,2022,Internacional,Expedido,,4.02
Castilla - La Mancha,2022,Internacional,Recibido,,9.2
Castilla - La Mancha,2023,Intrarregional,Intramunicipal,,47.88
Castilla - La Mancha,2023,Intrarregional,Intermunicipal,,50.68
Castilla - La Mancha,2023,Interregional,Expedido,,32.22
Castilla - La Mancha,2023,Interregional,Recibido,,41.49
Castilla - La Mancha,2023,Internacional,Expedido,,2.55
Castilla - La Mancha,2023,Internacional,Recibido,,7.32
Castilla - La Mancha,2024,Intrarregional,Intramunicipal,,50.58
Castilla - La Mancha,2024,Intrarregional,Intermunicipal,,50.57
Castilla - La Mancha,2024,Interregional,Expedido,,31.25
Castilla - La Mancha,2024,Interregional,Recibido,,42.17
Castilla - La Mancha,2024,Internacional,Expedido,,1.01
Castilla - La Mancha,2024,Internacional,Recibido,,12.04
Castilla Y León,2017,Intrarregional,Intramunicipal,,44.35
Castilla Y León,2017,Intrarregional,Intermunicipal,,49.4
Castilla Y León,2017,Interregional,Expedido,,24.15
Castilla Y León,2017,Interregional,Recibido,,34.96
Castilla Y León,2017,Internacional,Expedido,,6.27
Castilla Y León,2017,Internacional,Recibido,,22.03
Castilla Y León,2018,Intrarregional,Intramunicipal,,47.26
Castilla Y León,2018,Intrarregional,Intermunicipal,,49.06
Castilla Y León,2018,Interregional,Expedido,,25.4
Castilla Y León,2018,Interregional,Recibido,,29.96
Castilla Y León,2018,Internacional,Expedido,,5.65
Castilla Y León,2018,Internacional,Recibido,,12.36
Castilla Y León,2019,Intrarregional,Intramunicipal,,47.36
Castilla Y León,2019,Intrarregional,Intermunicipal,,49.85
Castilla Y León,2019,Interregional,Expedido,,25.11
Castilla Y León,2019,Interregional,Recibido,,32.79
Castilla Y León,2019,Internacional,Expedido,,3.14
Castilla Y León,2019,Internacional,Recibido,,21.89
Castilla Y León,2020,Intrarregional,Intramunicipal,,47.49
Castilla Y León,2020,Intrarregional,Intermunicipal,,49.99
Castilla Y León,2020,Interregional,Expedido,,24.03
Castilla Y León,2020,Interregional,Recibido,,34.86
Castilla Y León,2020,Internacional,Expedido,,7.08
Castilla Y León,2020,Internacional,Recibido,,23.8
Castilla Y León,2021,Intrarregional,Intramunicipal,,45.63
Castilla Y León,2021,Intrarregional,Intermunicipal,,49.36
Castilla Y León,2021,Interregional,Expedido,,18.96
Castilla Y León,2021,Interregional,Recibido,,33.88
Castilla Y León,2021,Internacional,Expedido,,12.97
Castilla Y León,2021,Internacional,Recibido,,19.2
Castilla Y León,2022,Intrarregional,Intramunicipal,,47.01
Castilla Y León,2022,Intrarregional,Intermunicipal,,50.02
Castilla Y León,2022,Interregional,Expedido,,22.27
Castilla Y León,2022,Interregional,Recibido,,34.54
Castilla Y León,2022,Internacional,Expedido,,6.52
Castilla Y León,2022,Internacional,Recibido,,16.82
Castilla Y León,2023,Intrarregional,Intramunicipal,,46.28
Castilla Y León,2023,Intrarregional,Intermunicipal,,48.12
Castilla Y León,2023,Interregional,Expedido,,24.3
Castilla Y León,2023,Interregional,Recibido,,31.29
Castilla Y León,2023,Internacional,Expedido,,8.51
Castilla Y León,2023,Internacional,Recibido,,27.14
Castilla Y León,2024,Intrarregional,Intramunicipal,,47.48
Castilla Y León,2024,Intrarregional,Intermunicipal,,48.67
Castilla Y León,2024,Interregional,Expedido,,24.11
Castilla Y León,2024,Interregional,Recibido,,32.28
Castilla Y León,2024,Internacional,Expedido,,3.54
Castilla Y León,2024,Internacional,Recibido,,24.64
Castilla Y León,2017,Intrarregional,Intramunicipal,,44.35
Castilla Y León,2017,Intrarregional,Intermunicipal,,49.4
Castilla Y León,2017,Interregional,Expedido,,24.15
Castilla Y León,2017,Interregional,Recibido,,34.96
Castilla Y León,2017,Internacional,Expedido,,6.27
Castilla Y León,2017,Internacional,Recibido,,22.03
Castilla Y León,2018,Intrarregional,Intramunicipal,,47.26
Castilla Y León,2018,Intrarregional,Intermunicipal,,49.06
Castilla Y León,2018,Interregional,Expedido,,25.4
Castilla Y León,2018,Interregional,Recibido,,29.96
Castilla Y León,2018,Internacional,Expedido,,5.65
Castilla Y León,2018,Internacional,Recibido,,12.36
Castilla Y León,2019,Intrarregional,Intramunicipal,,47.36
Castilla Y León,2019,Intrarregional,Intermunicipal,,49.85
Castilla Y León,2019,Interregional,Expedido,,25.11
Castilla Y León,2019,Interregional,Recibido,,32.79
Castilla Y León,2019,Internacional,Expedido,,3.14
Castilla Y León,2019,Internacional,Recibido,,21.89
Castilla Y León,2020,Intrarregional,Intramunicipal,,47.49
Castilla Y León,2020,Intrarregional,Intermunicipal,,49.99
Castilla Y León,2020,Interregional,Expedido,,24.03
Castilla Y León,2020,Interregional,Recibido,,34.86
Castilla Y León,2020,Internacional,Expedido,,7.08
Castilla Y León,2020,Internacional,Recibido,,23.8
Castilla Y León,2021,Intrarregional,Intramunicipal,,45.63
Castilla Y León,2021,Intrarregional,Intermunicipal,,49.36
Castilla Y León,2021,Interregional,Expedido,,18.96
Castilla Y León,2021,Interregional,Recibido,,33.88
Castilla Y León,2021,Internacional,Expedido,,12.97
Castilla Y León,2021,Internacional,Recibido,,19.2
Castilla Y León,2022,Intrarregional,Intramunicipal,,47.01
Castilla Y León,2022,Intrarregional,Intermunicipal,,50.02
Castilla Y León,2022,Interregional,Expedido,,22.27
Castilla Y León,2022,Interregional,Recibido,,34.54
Castilla Y León,2022,Internacional,Expedido,,6.52
Castilla Y León,2022,Internacional,Recibido,,16.82
Castilla Y León,2023,Intrarregional,Intramunicipal,,46.28
Castilla Y León,2023,Intrarregional,Intermunicipal,,48.12
Castilla Y León,2023,Interregional,Expedido,,24.3
Castilla Y León,2023,Interregional,Recibido,,31.29
Castilla Y León,2023,Internacional,Expedido,,8.51
Castilla Y León,2023,Internacional,Recibido,,27.14
Castilla Y León,2024,Intrarregional,Intramunicipal,,47.48
Castilla Y León,2024,Intrarregional,Intermunicipal,,48.67
Castilla Y León,2024,Interregional,Expedido,,24.11
Castilla Y León,2024,Interregional,Recibido,,32.28
Castilla Y León,2024,Internacional,Expedido,,3.54
Castilla Y León,2024,Internacional,Recibido,,24.64
Cataluña,2017,Intrarregional,Intramunicipal,,41.3
Cataluña,2017,Intrarregional,Intermunicipal,,45.56
Cataluña,2017,Interregional,Expedido,,16.36
Cataluña,2017,Interregional,Recibido,,20.94
Cataluña,2017,Internacional,Expedido,,7.65
Cataluña,2017,Internacional,Recibido,,29.77
Cataluña,2018,Intrarregional,Intramunicipal,,44.06
Cataluña,2018,Intrarregional,Intermunicipal,,45.42
Cataluña,2018,Interregional,Expedido,,15.25
Cataluña,2018,Interregional,Recibido,,22.16
Cataluña,2018,Internacional,Expedido,,6.82
Cataluña,2018,Internacional,Recibido,,29.61
Cataluña,2019,Intrarregional,Intramunicipal,,45.66
Cataluña,2019,Intrarregional,Intermunicipal,,45.95
Cataluña,2019,Interregional,Expedido,,16.69
Cataluña,2019,Interregional,Recibido,,19.83
Cataluña,2019,Internacional,Expedido,,7.38
Cataluña,2019,Internacional,Recibido,,30.87
Cataluña,2020,Intrarregional,Intramunicipal,,44.83
Cataluña,2020,Intrarregional,Intermunicipal,,46.56
Cataluña,2020,Interregional,Expedido,,17.3
Cataluña,2020,Interregional,Recibido,,20.27
Cataluña,2020,Internacional,Expedido,,8.07
Cataluña,2020,Internacional,Recibido,,32.44
Cataluña,2021,Intrarregional,Intramunicipal,,43.83
Cataluña,2021,Intrarregional,Intermunicipal,,46.71
Cataluña,2021,Interregional,Expedido,,17.22
Cataluña,2021,Interregional,Recibido,,19.27
Cataluña,2021,Internacional,Expedido,,6.18
Cataluña,2021,Internacional,Recibido,,31.01
Cataluña,2022,Intrarregional,Intramunicipal,,44.84
Cataluña,2022,Intrarregional,Intermunicipal,,46.3
Cataluña,2022,Interregional,Expedido,,18.2
Cataluña,2022,Interregional,Recibido,,21.52
Cataluña,2022,Internacional,Expedido,,7.76
Cataluña,2022,Internacional,Recibido,,28.59
Cataluña,2023,Intrarregional,Intramunicipal,,45.19
Cataluña,2023,Intrarregional,Intermunicipal,,46.55
Cataluña,2023,Interregional,Expedido,,18.04
Cataluña,2023,Interregional,Recibido,,20.94
Cataluña,2023,Internacional,Expedido,,6.32
Cataluña,2023,Internacional,Recibido,,30.25
Cataluña,2024,Intrarregional,Intramunicipal,,45.88
Cataluña,2024,Intrarregional,Intermunicipal,,47.31
Cataluña,2024,Interregional,Expedido,,18.24
Cataluña,2024,Interregional,Recibido,,23.31
Cataluña,2024,Internacional,Expedido,,6.16
Cataluña,2024,Internacional,Recibido,,31.37
Cataluña,2017,Intrarregional,Intramunicipal,,41.3
Cataluña,2017,Intrarregional,Intermunicipal,,45.56
Cataluña,2017,Interregional,Expedido,,16.36
Cataluña,2017,Interregional,Recibido,,20.94
Cataluña,2017,Internacional,Expedido,,7.65
Cataluña,2017,Internacional,Recibido,,29.77
Cataluña,2018,Intrarregional,Intramunicipal,,44.06
Cataluña,2018,Intrarregional,Intermunicipal,,45.42
Cataluña,2018,Interregional,Expedido,,15.25
Cataluña,2018,Interregional,Recibido,,22.16
Cataluña,2018,Internacional,Expedido,,6.82
Cataluña,2018,Internacional,Recibido,,29.61
Cataluña,2019,Intrarregional,Intramunicipal,,45.66
Cataluña,2019,Intrarregional,Intermunicipal,,45.95
Cataluña,2019,Interregional,Expedido,,16.69
Cataluña,2019,Interregional,Recibido,,19.83
Cataluña,2019,Internacional,Expedido,,7.38
Cataluña,2019,Internacional,Recibido,,30.87
Cataluña,2020,Intrarregional,Intramunicipal,,44.83
Cataluña,2020,Intrarregional,Intermunicipal,,46.56
Cataluña,2020,Interregional,Expedido,,17.3
Cataluña,2020,Interregional,Recibido,,20.27
Cataluña,2020,Internacional,Expedido,,8.07
Cataluña,2020,Internacional,Recibido,,32.44
Cataluña,2021,Intrarregional,Intramunicipal,,43.83
Cataluña,2021,Intrarregional,Intermunicipal,,46.71
Cataluña,2021,Interregional,Expedido,,17.22
Cataluña,2021,Interregional,Recibido,,19.27
Cataluña,2021,Internacional,Expedido,,6.18
Cataluña,2021,Internacional,Recibido,,31.01
Cataluña,2022,Intrarregional,Intramunicipal,,44.84
Cataluña,2022,Intrarregional,Intermunicipal,,46.3
Cataluña,2022,Interregional,Expedido,,18.2
Cataluña,2022,Interregional,Recibido,,21.52
Cataluña,2022,Internacional,Expedido,,7.76
Cataluña,2022,Internacional,Recibido,,28.59
Cataluña,2023,Intrarregional,Intramunicipal,,45.19
Cataluña,2023,Intrarregional,Intermunicipal,,46.55
Cataluña,2023,Interregional,Expedido,,18.04
Cataluña,2023,Interregional,Recibido,,20.94
Cataluña,2023,Internacional,Expedido,,6.32
Cataluña,2023,Internacional,Recibido,,30.25
Cataluña,2024,Intrarregional,Intramunicipal,,45.88
Cataluña,2024,Intrarregional,Intermunicipal,,47.31
Cataluña,2024,Interregional,Expedido,,18.24
Cataluña,2024,Interregional,Recibido,,23.31
Cataluña,2024,Internacional,Expedido,,6.16
Cataluña,2024,Internacional,Recibido,,31.37
Ceuta Y Melilla,2017,Intrarregional,Intramunicipal,,34.05
Ceuta Y Melilla,2017,Intrarregional,Intermunicipal,,
Ceuta Y Melilla,2017,Interregional,Expedido,,74.44
Ceuta Y Melilla,2017,Interregional,Recibido,,0.0
Ceuta Y Melilla,2017,Internacional,Expedido,,
Ceuta Y Melilla,2017,Internacional,Recibido,,0.0
Ceuta Y Melilla,2018,Intrarregional,Intramunicipal,,50.17
Ceuta Y Melilla,2018,Intrarregional,Intermunicipal,,
Ceuta Y Melilla,2018,Interregional,Expedido,,66.71
Ceuta Y Melilla,2018,Interregional,Recibido,,5.48
Ceuta Y Melilla,2018,Internacional,Expedido,,
Ceuta Y Melilla,2018,Internacional,Recibido,,
Ceuta Y Melilla,2019,Intrarregional,Intramunicipal,,50.9
Ceuta Y Melilla,2019,Intrarregional,Intermunicipal,,
Ceuta Y Melilla,2019,Interregional,Expedido,,84.61
Ceuta Y Melilla,2019,Interregional,Recibido,,0.0
Ceuta Y Melilla,2019,Internacional,Expedido,,
Ceuta Y Melilla,2019,Internacional,Recibido,,0.0
Ceuta Y Melilla,2020,Intrarregional,Intramunicipal,,52.4
Ceuta Y Melilla,2020,Intrarregional,Intermunicipal,,
Ceuta Y Melilla,2020,Interregional,Expedido,,72.59
Ceuta Y Melilla,2020,Interregional,Recibido,,25.18
Ceuta Y Melilla,2020,Internacional,Expedido,,
Ceuta Y Melilla,2020,Internacional,Recibido,,
Ceuta Y Melilla,2021,Intrarregional,Intramunicipal,,49.07
Ceuta Y Melilla,2021,Intrarregional,Intermunicipal,,
Ceuta Y Melilla,2021,Interregional,Expedido,,41.97
Ceuta Y Melilla,2021,Interregional,Recibido,,38.88
Ceuta Y Melilla,2021,Internacional,Expedido,,0.0
Ceuta Y Melilla,2021,Internacional,Recibido,,
Ceuta Y Melilla,2022,Intrarregional,Intramunicipal,,49.48
Ceuta Y Melilla,2022,Intrarregional,Intermunicipal,,
Ceuta Y Melilla,2022,Interregional,Expedido,,35.68
Ceuta Y Melilla,2022,Interregional,Recibido,,8.9
Ceuta Y Melilla,2022,Internacional,Expedido,,
Ceuta Y Melilla,2022,Internacional,Recibido,,
Ceuta Y Melilla,2023,Intrarregional,Intramunicipal,,51.18
Ceuta Y Melilla,2023,Intrarregional,Intermunicipal,,
Ceuta Y Melilla,2023,Interregional,Expedido,,82.17
Ceuta Y Melilla,2023,Interregional,Recibido,,0.0
Ceuta Y Melilla,2023,Internacional,Expedido,,
Ceuta Y Melilla,2023,Internacional,Recibido,,
Ceuta Y Melilla,2024,Intrarregional,Intramunicipal,,49.81
Ceuta Y Melilla,2024,Intrarregional,Intermunicipal,,
Ceuta Y Melilla,2024,Interregional,Expedido,,77.85
Ceuta Y Melilla,2024,Interregional,Recibido,,15.73
Ceuta Y Melilla,2024,Internacional,Expedido,,
Ceuta Y Melilla,2024,Internacional,Recibido,,
Ceuta Y Melilla,2017,Intrarregional,Intramunicipal,,34.05
Ceuta Y Melilla,2017,Intrarregional,Intermunicipal,,
Ceuta Y Melilla,2017,Interregional,Expedido,,74.44
Ceuta Y Melilla,2017,Interregional,Recibido,,0.0
Ceuta Y Melilla,2017,Internacional,Expedido,,
Ceuta Y Melilla,2017,Internacional,Recibido,,0.0
Ceuta Y Melilla,2018,Intrarregional,Intramunicipal,,50.17
Ceuta Y Melilla,2018,Intrarregional,Intermunicipal,,
Ceuta Y Melilla,2018,Interregional,Expedido,,66.71
Ceuta Y Melilla,2018,Interregional,Recibido,,5.48
Ceuta Y Melilla,2018,Internacional,Expedido,,
Ceuta Y Melilla,2018,Internacional,Recibido,,
Ceuta Y Melilla,2019,Intrarregional,Intramunicipal,,50.9
Ceuta Y Melilla,2019,Intrarregional,Intermunicipal,,
Ceuta Y Melilla,2019,Interregional,Expedido,,84.61
Ceuta Y Melilla,2019,Interregional,Recibido,,0.0
Ceuta Y Melilla,2019,Internacional,Expedido,,
Ceuta Y Melilla,2019,Internacional,Recibido,,0.0
Ceuta Y Melilla,2020,Intrarregional,Intramunicipal,,52.4
Ceuta Y Melilla,2020,Intrarregional,Intermunicipal,,
Ceuta Y Melilla,2020,Interregional,Expedido,,72.59
Ceuta Y Melilla,2020,Interregional,Recibido,,25.18
Ceuta Y Melilla,2020,Internacional,Expedido,,
Ceuta Y Melilla,2020,Internacional,Recibido,,
Ceuta Y Melilla,2021,Intrarregional,Intramunicipal,,49.07
Ceuta Y Melilla,2021,Intrarregional,Intermunicipal,,
Ceuta Y Melilla,2021,Interregional,Expedido,,41.97
Ceuta Y Melilla,2021,Interregional,Recibido,,38.88
Ceuta Y Melilla,2021,Internacional,Expedido,,0.0
Ceuta Y Melilla,2021,Internacional,Recibido,,
Ceuta Y Melilla,2022,Intrarregional,Intramunicipal,,49.48
Ceuta Y Melilla,2022,Intrarregional,Intermunicipal,,
Ceuta Y Melilla,2022,Interregional,Expedido,,35.68
Ceuta Y Melilla,2022,Interregional,Recibido,,8.9
Ceuta Y Melilla,2022,Internacional,Expedido,,
Ceuta Y Melilla,2022,Internacional,Recibido,,
Ceuta Y Melilla,2023,Intrarregional,Intramunicipal,,51.18
Ceuta Y Melilla,2023,Intrarregional,Intermunicipal,,
Ceuta Y Melilla,2023,Interregional,Expedido,,82.17
Ceuta Y Melilla,2023,Interregional,Recibido,,0.0
Ceuta Y Melilla,2023,Internacional,Expedido,,
Ceuta Y Melilla,2023,Internacional,Recibido,,
Ceuta Y Melilla,2024,Intrarregional,Intramunicipal,,49.81
Ceuta Y Melilla,2024,Intrarregional,Intermunicipal,,
Ceuta Y Melilla,2024,Interregional,Expedido,,77.85
Ceuta Y Melilla,2024,Interregional,Recibido,,15.73
Ceuta Y Melilla,2024,Internacional,Expedido,,
Ceuta Y Melilla,2024,Internacional,Recibido,,
Comunitat Valenciana,2017,Intrarregional,Intramunicipal,,45.92
Comunitat Valenciana,2017,Intrarregional,Intermunicipal,,43.63
Comunitat Valenciana,2017,Interregional,Expedido,,26.07
Comunitat Valenciana,2017,Interregional,Recibido,,25.05
Comunitat Valenciana,2017,Internacional,Expedido,,0.78
Comunitat Valenciana,2017,Internacional,Recibido,,15.03
Comunitat Valenciana,2018,Intrarregional,Intramunicipal,,43.82
Comunitat Valenciana,2018,Intrarregional,Intermunicipal,,43.94
Comunitat Valenciana,2018,Interregional,Expedido,,26.41
Comunitat Valenciana,2018,Interregional,Recibido,,23.49
Comunitat Valenciana,2018,Internacional,Expedido,,0.25
Comunitat Valenciana,2018,Internacional,Recibido,,13.05
Comunitat Valenciana,2019,Intrarregional,Intramunicipal,,46.45
Comunitat Valenciana,2019,Intrarregional,Intermunicipal,,43.83
Comunitat Valenciana,2019,Interregional,Expedido,,25.84
Comunitat Valenciana,2019,Interregional,Recibido,,25.58
Comunitat Valenciana,2019,Internacional,Expedido,,0.57
Comunitat Valenciana,2019,Internacional,Recibido,,13.97
Comunitat Valenciana,2020,Intrarregional,Intramunicipal,,47.23
Comunitat Valenciana,2020,Intrarregional,Intermunicipal,,44.21
Comunitat Valenciana,2020,Interregional,Expedido,,25.18
Comunitat Valenciana,2020,Interregional,Recibido,,27.65
Comunitat Valenciana,2020,Internacional,Expedido,,0.58
Comunitat Valenciana,2020,Internacional,Recibido,,18.14
Comunitat Valenciana,2021,Intrarregional,Intramunicipal,,46.16
Comunitat Valenciana,2021,Intrarregional,Intermunicipal,,43.89
Comunitat Valenciana,2021,Interregional,Expedido,,25.23
Comunitat Valenciana,2021,Interregional,Recibido,,25.12
Comunitat Valenciana,2021,Internacional,Expedido,,1.19
Comunitat Valenciana,2021,Internacional,Recibido,,15.87
Comunitat Valenciana,2022,Intrarregional,Intramunicipal,,44.14
Comunitat Valenciana,2022,Intrarregional,Intermunicipal,,44.27
Comunitat Valenciana,2022,Interregional,Expedido,,25.55
Comunitat Valenciana,2022,Interregional,Recibido,,26.28
Comunitat Valenciana,2022,Internacional,Expedido,,0.37
Comunitat Valenciana,2022,Internacional,Recibido,,14.26
Comunitat Valenciana,2023,Intrarregional,Intramunicipal,,45.65
Comunitat Valenciana,2023,Intrarregional,Intermunicipal,,46.29
Comunitat Valenciana,2023,Interregional,Expedido,,25.09
Comunitat Valenciana,2023,Interregional,Recibido,,27.12
Comunitat Valenciana,2023,Internacional,Expedido,,0.19
Comunitat Valenciana,2023,Internacional,Recibido,,17.11
Comunitat Valenciana,2024,Intrarregional,Intramunicipal,,45.3
Comunitat Valenciana,2024,Intrarregional,Intermunicipal,,46.38
Comunitat Valenciana,2024,Interregional,Expedido,,25.23
Comunitat Valenciana,2024,Interregional,Recibido,,26.55
Comunitat Valenciana,2024,Internacional,Expedido,,1.07
Comunitat Valenciana,2024,Internacional,Recibido,,15.42
Comunitat Valenciana,2017,Intrarregional,Intramunicipal,,45.92
Comunitat Valenciana,2017,Intrarregional,Intermunicipal,,43.63
Comunitat Valenciana,2017,Interregional,Expedido,,26.07
Comunitat Valenciana,2017,Interregional,Recibido,,25.05
Comunitat Valenciana,2017,Internacional,Expedido,,0.78
Comunitat Valenciana,2017,Internacional,Recibido,,15.03
Comunitat Valenciana,2018,Intrarregional,Intramunicipal,,43.82
Comunitat Valenciana,2018,Intrarregional,Intermunicipal,,43.94
Comunitat Valenciana,2018,Interregional,Expedido,,26.41
Comunitat Valenciana,2018,Interregional,Recibido,,23.49
Comunitat Valenciana,2018,Internacional,Expedido,,0.25
Comunitat Valenciana,2018,Internacional,Recibido,,13.05
Comunitat Valenciana,2019,Intrarregional,Intramunicipal,,46.45
Comunitat Valenciana,2019,Intrarregional,Intermunicipal,,43.83
Comunitat Valenciana,2019,Interregional,Expedido,,25.84
Comunitat Valenciana,2019,Interregional,Recibido,,25.58
Comunitat Valenciana,2019,Internacional,Expedido,,0.57
Comunitat Valenciana,2019,Internacional,Recibido,,13.97
Comunitat Valenciana,2020,Intrarregional,Intramunicipal,,47.23
Comunitat Valenciana,2020,Intrarregional,Intermunicipal,,44.21
Comunitat Valenciana,2020,Interregional,Expedido,,25.18
Comunitat Valenciana,2020,Interregional,Recibido,,27.65
Comunitat Valenciana,2020,Internacional,Expedido,,0.58
Comunitat Valenciana,2020,Internacional,Recibido,,18.14
Comunitat Valenciana,2021,Intrarregional,Intramunicipal,,46.16
Comunitat Valenciana,2021,Intrarregional,Intermunicipal,,43.89
Comunitat Valenciana,2021,Interregional,Expedido,,25.23
Comunitat Valenciana,2021,Interregional,Recibido,,25.12
Comunitat Valenciana,2021,Internacional,Expedido,,1.19
Comunitat Valenciana,2021,Internacional,Recibido,,15.87
Comunitat Valenciana,2022,Intrarregional,Intramunicipal,,44.14
Comunitat Valenciana,2022,Intrarregional,Intermunicipal,,44.27
Comunitat Valenciana,2022,Interregional,Expedido,,25.55
Comunitat Valenciana,2022,Interregional,Recibido,,26.28
Comunitat Valenciana,2022,Internacional,Expedido,,0.37
Comunitat Valenciana,2022,Internacional,Recibido,,14.26
Comunitat Valenciana,2023,Intrarregional,Intramunicipal,,45.65
Comunitat Valenciana,2023,Intrarregional,Intermunicipal,,46.29
Comunitat Valenciana,2023,Interregional,Expedido,,25.09
Comunitat Valenciana,2023,Interregional,Recibido,,27.12
Comunitat Valenciana,2023,Internacional,Expedido,,0.19
Comunitat Valenciana,2023,Internacional,Recibido,,17.11
Comunitat Valenciana,2024,Intrarregional,Intramunicipal,,45.3
Comunitat Valenciana,2024,Intrarregional,Intermunicipal,,46.38
Comunitat Valenciana,2024,Interregional,Expedido,,25.23
Comunitat Valenciana,2024,Interregional,Recibido,,26.55
Comunitat Valenciana,2024,Internacional,Expedido,,1.07
Comunitat Valenciana,2024,Internacional,Recibido,,15.42
Extremadura,2017,Intrarregional,Intramunicipal,,46.53
Extremadura,2017,Intrarregional,Intermunicipal,,50.19
Extremadura,2017,Interregional,Expedido,,41.59
Extremadura,2017,Interregional,Recibido,,23.03
Extremadura,2017,Internacional,Expedido,,21.99
Extremadura,2017,Internacional,Recibido,,50.87
Extremadura,2018,Intrarregional,Intramunicipal,,46.2
Extremadura,2018,Intrarregional,Intermunicipal,,50.36
Extremadura,2018,Interregional,Expedido,,35.05
Extremadura,2018,Interregional,Recibido,,26.56
Extremadura,2018,Internacional,Expedido,,26.33
Extremadura,2018,Internacional,Recibido,,43.72
Extremadura,2019,Intrarregional,Intramunicipal,,42.36
Extremadura,2019,Intrarregional,Intermunicipal,,50.65
Extremadura,2019,Interregional,Expedido,,40.95
Extremadura,2019,Interregional,Recibido,,21.58
Extremadura,2019,Internacional,Expedido,,23.24
Extremadura,2019,Internacional,Recibido,,33.26
Extremadura,2020,Intrarregional,Intramunicipal,,45.3
Extremadura,2020,Intrarregional,Intermunicipal,,49.48
Extremadura,2020,Interregional,Expedido,,41.03
Extremadura,2020,Interregional,Recibido,,21.31
Extremadura,2020,Internacional,Expedido,,20.39
Extremadura,2020,Internacional,Recibido,,57.48
Extremadura,2021,Intrarregional,Intramunicipal,,47.76
Extremadura,2021,Intrarregional,Intermunicipal,,51.23
Extremadura,2021,Interregional,Expedido,,38.96
Extremadura,2021,Interregional,Recibido,,22.26
Extremadura,2021,Internacional,Expedido,,25.34
Extremadura,2021,Internacional,Recibido,,63.82
Extremadura,2022,Intrarregional,Intramunicipal,,45.7
Extremadura,2022,Intrarregional,Intermunicipal,,49.9
Extremadura,2022,Interregional,Expedido,,40.03
Extremadura,2022,Interregional,Recibido,,21.81
Extremadura,2022,Internacional,Expedido,,22.4
Extremadura,2022,Internacional,Recibido,,50.43
Extremadura,2023,Intrarregional,Intramunicipal,,43.56
Extremadura,2023,Intrarregional,Intermunicipal,,49.66
Extremadura,2023,Interregional,Expedido,,40.21
Extremadura,2023,Interregional,Recibido,,20.94
Extremadura,2023,Internacional,Expedido,,30.68
Extremadura,2023,Internacional,Recibido,,45.62
Extremadura,2024,Intrarregional,Intramunicipal,,48.58
Extremadura,2024,Intrarregional,Intermunicipal,,50.78
Extremadura,2024,Interregional,Expedido,,39.56
Extremadura,2024,Interregional,Recibido,,23.74
Extremadura,2024,Internacional,Expedido,,23.29
Extremadura,2024,Internacional,Recibido,,44.97
Extremadura,2017,Intrarregional,Intramunicipal,,46.53
Extremadura,2017,Intrarregional,Intermunicipal,,50.19
Extremadura,2017,Interregional,Expedido,,41.59
Extremadura,2017,Interregional,Recibido,,23.03
Extremadura,2017,Internacional,Expedido,,21.99
Extremadura,2017,Internacional,Recibido,,50.87
Extremadura,2018,Intrarregional,Intramunicipal,,46.2
Extremadura,2018,Intrarregional,Intermunicipal,,50.36
Extremadura,2018,Interregional,Expedido,,35.05
Extremadura,2018,Interregional,Recibido,,26.56
Extremadura,2018,Internacional,Expedido,,26.33
Extremadura,2018,Internacional,Recibido,,43.72
Extremadura,2019,Intrarregional,Intramunicipal,,42.36
Extremadura,2019,Intrarregional,Intermunicipal,,50.65
Extremadura,2019,Interregional,Expedido,,40.95
Extremadura,2019,Interregional,Recibido,,21.58
Extremadura,2019,Internacional,Expedido,,23.24
Extremadura,2019,Internacional,Recibido,,33.26
Extremadura,2020,Intrarregional,Intramunicipal,,45.3
Extremadura,2020,Intrarregional,Intermunicipal,,49.48
Extremadura,2020,Interregional,Expedido,,41.03
Extremadura,2020,Interregional,Recibido,,21.31
Extremadura,2020,Internacional,Expedido,,20.39
Extremadura,2020,Internacional,Recibido,,57.48
Extremadura,2021,Intrarregional,Intramunicipal,,47.76
Extremadura,2021,Intrarregional,Intermunicipal,,51.23
Extremadura,2021,Interregional,Expedido,,38.96
Extremadura,2021,Interregional,Recibido,,22.26
Extremadura,2021,Internacional,Expedido,,25.34
Extremadura,2021,Internacional,Recibido,,63.82
Extremadura,2022,Intrarregional,Intramunicipal,,45.7
Extremadura,2022,Intrarregional,Intermunicipal,,49.9
Extremadura,2022,Interregional,Expedido,,40.03
Extremadura,2022,Interregional,Recibido,,21.81
Extremadura,2022,Internacional,Expedido,,22.4
Extremadura,2022,Internacional,Recibido,,50.43
Extremadura,2023,Intrarregional,Intramunicipal,,43.56
Extremadura,2023,Intrarregional,Intermunicipal,,49.66
Extremadura,2023,Interregional,Expedido,,40.21
Extremadura,2023,Interregional,Recibido,,20.94
Extremadura,2023,Internacional,Expedido,,30.68
Extremadura,2023,Internacional,Recibido,,45.62
Extremadura,2024,Intrarregional,Intramunicipal,,48.58
Extremadura,2024,Intrarregional,Intermunicipal,,50.78
Extremadura,2024,Interregional,Expedido,,39.56
Extremadura,2024,Interregional,Recibido,,23.74
Extremadura,2024,Internacional,Expedido,,23.29
Extremadura,2024,Internacional,Recibido,,44.97
Galicia,2017,Intrarregional,Intramunicipal,,48.4
Galicia,2017,Intrarregional,Intermunicipal,,47.06
Galicia,2017,Interregional,Expedido,,16.96
Galicia,2017,Interregional,Recibido,,23.86
Galicia,2017,Internacional,Expedido,,15.27
Galicia,2017,Internacional,Recibido,,36.45
Galicia,2018,Intrarregional,Intramunicipal,,46.56
Galicia,2018,Intrarregional,Intermunicipal,,47.7
Galicia,2018,Interregional,Expedido,,10.58
Galicia,2018,Interregional,Recibido,,29.69
Galicia,2018,Internacional,Expedido,,15.65
Galicia,2018,Internacional,Recibido,,41.79
Galicia,2019,Intrarregional,Intramunicipal,,47.88
Galicia,2019,Intrarregional,Intermunicipal,,48.02
Galicia,2019,Interregional,Expedido,,17.13
Galicia,2019,Interregional,Recibido,,18.54
Galicia,2019,Internacional,Expedido,,14.31
Galicia,2019,Internacional,Recibido,,48.67
Galicia,2020,Intrarregional,Intramunicipal,,45.84
Galicia,2020,Intrarregional,Intermunicipal,,48.0
Galicia,2020,Interregional,Expedido,,15.96
Galicia,2020,Interregional,Recibido,,22.43
Galicia,2020,Internacional,Expedido,,11.19
Galicia,2020,Internacional,Recibido,,38.82
Galicia,2021,Intrarregional,Intramunicipal,,45.52
Galicia,2021,Intrarregional,Intermunicipal,,48.63
Galicia,2021,Interregional,Expedido,,16.73
Galicia,2021,Interregional,Recibido,,21.67
Galicia,2021,Internacional,Expedido,,13.64
Galicia,2021,Internacional,Recibido,,46.67
Galicia,2022,Intrarregional,Intramunicipal,,48.02
Galicia,2022,Intrarregional,Intermunicipal,,48.12
Galicia,2022,Interregional,Expedido,,19.26
Galicia,2022,Interregional,Recibido,,23.65
Galicia,2022,Internacional,Expedido,,20.24
Galicia,2022,Internacional,Recibido,,39.44
Galicia,2023,Intrarregional,Intramunicipal,,46.47
Galicia,2023,Intrarregional,Intermunicipal,,48.44
Galicia,2023,Interregional,Expedido,,14.07
Galicia,2023,Interregional,Recibido,,25.48
Galicia,2023,Internacional,Expedido,,20.47
Galicia,2023,Internacional,Recibido,,37.84
Galicia,2024,Intrarregional,Intramunicipal,,48.15
Galicia,2024,Intrarregional,Intermunicipal,,47.96
Galicia,2024,Interregional,Expedido,,21.0
Galicia,2024,Interregional,Recibido,,15.76
Galicia,2024,Internacional,Expedido,,13.55
Galicia,2024,Internacional,Recibido,,52.97
Galicia,2017,Intrarregional,Intramunicipal,,48.4
Galicia,2017,Intrarregional,Intermunicipal,,47.06
Galicia,2017,Interregional,Expedido,,16.96
Galicia,2017,Interregional,Recibido,,23.86
Galicia,2017,Internacional,Expedido,,15.27
Galicia,2017,Internacional,Recibido,,36.45
Galicia,2018,Intrarregional,Intramunicipal,,46.56
Galicia,2018,Intrarregional,Intermunicipal,,47.7
Galicia,2018,Interregional,Expedido,,10.58
Galicia,2018,Interregional,Recibido,,29.69
Galicia,2018,Internacional,Expedido,,15.65
Galicia,2018,Internacional,Recibido,,41.79
Galicia,2019,Intrarregional,Intramunicipal,,47.88
Galicia,2019,Intrarregional,Intermunicipal,,48.02
Galicia,2019,Interregional,Expedido,,17.13
Galicia,2019,Interregional,Recibido,,18.54
Galicia,2019,Internacional,Expedido,,14.31
Galicia,2019,Internacional,Recibido,,48.67
Galicia,2020,Intrarregional,Intramunicipal,,45.84
Galicia,2020,Intrarregional,Intermunicipal,,48.0
Galicia,2020,Interregional,Expedido,,15.96
Galicia,2020,Interregional,Recibido,,22.43
Galicia,2020,Internacional,Expedido,,11.19
Galicia,2020,Internacional,Recibido,,38.82
Galicia,2021,Intrarregional,Intramunicipal,,45.52
Galicia,2021,Intrarregional,Intermunicipal,,48.63
Galicia,2021,Interregional,Expedido,,16.73
Galicia,2021,Interregional,Recibido,,21.67
Galicia,2021,Internacional,Expedido,,13.64
Galicia,2021,Internacional,Recibido,,46.67
Galicia,2022,Intrarregional,Intramunicipal,,48.02
Galicia,2022,Intrarregional,Intermunicipal,,48.12
Galicia,2022,Interregional,Expedido,,19.26
Galicia,2022,Interregional,Recibido,,23.65
Galicia,2022,Internacional,Expedido,,20.24
Galicia,2022,Internacional,Recibido,,39.44
Galicia,2023,Intrarregional,Intramunicipal,,46.47
Galicia,2023,Intrarregional,Intermunicipal,,48.44
Galicia,2023,Interregional,Expedido,,14.07
Galicia,2023,Interregional,Recibido,,25.48
Galicia,2023,Internacional,Expedido,,20.47
Galicia,2023,Internacional,Recibido,,37.84
Galicia,2024,Intrarregional,Intramunicipal,,48.15
Galicia,2024,Intrarregional,Intermunicipal,,47.96
Galicia,2024,Interregional,Expedido,,21.0
Galicia,2024,Interregional,Recibido,,15.76
Galicia,2024,Internacional,Expedido,,13.55
Galicia,2024,Internacional,Recibido,,52.97
"Madrid, Comunidad De",2017,Intrarregional,Intramunicipal,,42.2
"Madrid, Comunidad De",2017,Intrarregional,Intermunicipal,,46.33
"Madrid, Comunidad De",2017,Interregional,Expedido,,36.61
"Madrid, Comunidad De",2017,Interregional,Recibido,,23.38
"Madrid, Comunidad De",2017,Internacional,Expedido,,0.34
"Madrid, Comunidad De",2017,Internacional,Recibido,,2.41
"Madrid, Comunidad De",2018,Intrarregional,Intramunicipal,,42.47
"Madrid, Comunidad De",2018,Intrarregional,Intermunicipal,,47.11
"Madrid, Comunidad De",2018,Interregional,Expedido,,34.98
"Madrid, Comunidad De",2018,Interregional,Recibido,,22.55
"Madrid, Comunidad De",2018,Internacional,Expedido,,2.09
"Madrid, Comunidad De",2018,Internacional,Recibido,,4.3
"Madrid, Comunidad De",2019,Intrarregional,Intramunicipal,,41.79
"Madrid, Comunidad De",2019,Intrarregional,Intermunicipal,,46.74
"Madrid, Comunidad De",2019,Interregional,Expedido,,35.74
"Madrid, Comunidad De",2019,Interregional,Recibido,,24.99
"Madrid, Comunidad De",2019,Internacional,Expedido,,2.03
"Madrid, Comunidad De",2019,Internacional,Recibido,,3.86
"Madrid, Comunidad De",2020,Intrarregional,Intramunicipal,,38.01
"Madrid, Comunidad De",2020,Intrarregional,Intermunicipal,,46.21
"Madrid, Comunidad De",2020,Interregional,Expedido,,37.64
"Madrid, Comunidad De",2020,Interregional,Recibido,,22.74
"Madrid, Comunidad De",2020,Internacional,Expedido,,0.75
"Madrid, Comunidad De",2020,Internacional,Recibido,,3.33
"Madrid, Comunidad De",2021,Intrarregional,Intramunicipal,,41.26
"Madrid, Comunidad De",2021,Intrarregional,Intermunicipal,,47.03
"Madrid, Comunidad De",2021,Interregional,Expedido,,38.19
"Madrid, Comunidad De",2021,Interregional,Recibido,,22.08
"Madrid, Comunidad De",2021,Internacional,Expedido,,1.82
"Madrid, Comunidad De",2021,Internacional,Recibido,,6.32
"Madrid, Comunidad De",2022,Intrarregional,Intramunicipal,,41.46
"Madrid, Comunidad De",2022,Intrarregional,Intermunicipal,,48.51
"Madrid, Comunidad De",2022,Interregional,Expedido,,33.56
"Madrid, Comunidad De",2022,Interregional,Recibido,,25.64
"Madrid, Comunidad De",2022,Internacional,Expedido,,1.54
"Madrid, Comunidad De",2022,Internacional,Recibido,,4.31
"Madrid, Comunidad De",2023,Intrarregional,Intramunicipal,,42.26
"Madrid, Comunidad De",2023,Intrarregional,Intermunicipal,,48.17
"Madrid, Comunidad De",2023,Interregional,Expedido,,36.55
"Madrid, Comunidad De",2023,Interregional,Recibido,,25.32
"Madrid, Comunidad De",2023,Internacional,Expedido,,2.67
"Madrid, Comunidad De",2023,Internacional,Recibido,,4.2
"Madrid, Comunidad De",2024,Intrarregional,Intramunicipal,,41.34
"Madrid, Comunidad De",2024,Intrarregional,Intermunicipal,,46.5
"Madrid, Comunidad De",2024,Interregional,Expedido,,38.59
"Madrid, Comunidad De",2024,Interregional,Recibido,,26.68
"Madrid, Comunidad De",2024,Internacional,Expedido,,3.81
"Madrid, Comunidad De",2024,Internacional,Recibido,,6.92
"Madrid, Comunidad De",2017,Intrarregional,Intramunicipal,,42.2
"Madrid, Comunidad De",2017,Intrarregional,Intermunicipal,,46.33
"Madrid, Comunidad De",2017,Interregional,Expedido,,36.61
"Madrid, Comunidad De",2017,Interregional,Recibido,,23.38
"Madrid, Comunidad De",2017,Internacional,Expedido,,0.34
"Madrid, Comunidad De",2017,Internacional,Recibido,,2.41
"Madrid, Comunidad De",2018,Intrarregional,Intramunicipal,,42.47
"Madrid, Comunidad De",2018,Intrarregional,Intermunicipal,,47.11
"Madrid, Comunidad De",2018,Interregional,Expedido,,34.98
"Madrid, Comunidad De",2018,Interregional,Recibido,,22.55
"Madrid, Comunidad De",2018,Internacional,Expedido,,2.09
"Madrid, Comunidad De",2018,Internacional,Recibido,,4.3
"Madrid, Comunidad De",2019,Intrarregional,Intramunicipal,,41.79
"Madrid, Comunidad De",2019,Intrarregional,Intermunicipal,,46.74
"Madrid, Comunidad De",2019,Interregional,Expedido,,35.74
"Madrid, Comunidad De",2019,Interregional,Recibido,,24.99
"Madrid, Comunidad De",2019,Internacional,Expedido,,2.03
"Madrid, Comunidad De",2019,Internacional,Recibido,,3.86
"Madrid, Comunidad De",2020,Intrarregional,Intramunicipal,,38.01
"Madrid, Comunidad De",2020,Intrarregional,Intermunicipal,,46.21
"Madrid, Comunidad De",2020,Interregional,Expedido,,37.64
"Madrid, Comunidad De",2020,Interregional,Recibido,,22.74
"Madrid, Comunidad De",2020,Internacional,Expedido,,0.75
"Madrid, Comunidad De",2020,Internacional,Recibido,,3.33
"Madrid, Comunidad De",2021,Intrarregional,Intramunicipal,,41.26
"Madrid, Comunidad De",2021,Intrarregional,Intermunicipal,,47.03
"Madrid, Comunidad De",2021,Interregional,Expedido,,38.19
"Madrid, Comunidad De",2021,Interregional,Recibido,,22.08
"Madrid, Comunidad De",2021,Internacional,Expedido,,1.82
"Madrid, Comunidad De",2021,Internacional,Recibido,,6.32
"Madrid, Comunidad De",2022,Intrarregional,Intramunicipal,,41.46
"Madrid, Comunidad De",2022,Intrarregional,Intermunicipal,,48.51
"Madrid, Comunidad De",2022,Interregional,Expedido,,33.56
"Madrid, Comunidad De",2022,Interregional,Recibido,,25.64
"Madrid, Comunidad De",2022,Internacional,Expedido,,1.54
"Madrid, Comunidad De",2022,Internacional,Recibido,,4.31
"Madrid, Comunidad De",2023,Intrarregional,Intramunicipal,,42.26
"Madrid, Comunidad De",2023,Intrarregional,Intermunicipal,,48.17
"Madrid, Comunidad De",2023,Interregional,Expedido,,36.55
"Madrid, Comunidad De",2023,Interregional,Recibido,,25.32
"Madrid, Comunidad De",2023,Internacional,Expedido,,2.67
"Madrid, Comunidad De",2023,Internacional,Recibido,,4.2
"Madrid, Comunidad De",2024,Intrarregional,Intramunicipal,,41.34
"Madrid, Comunidad De",2024,Intrarregional,Intermunicipal,,46.5
"Madrid, Comunidad De",2024,Interregional,Expedido,,38.59
"Madrid, Comunidad De",2024,Interregional,Recibido,,26.68
"Madrid, Comunidad De",2024,Internacional,Expedido,,3.81
"Madrid, Comunidad De",2024,Internacional,Recibido,,6.92
"Murcia, Región De",2017,Intrarregional,Intramunicipal,,45.97
"Murcia, Región De",2017,Intrarregional,Intermunicipal,,47.47
"Murcia, Región De",2017,Interregional,Expedido,,27.13
"Murcia, Región De",2017,Interregional,Recibido,,40.72
"Murcia, Región De",2017,Internacional,Expedido,,0.0
"Murcia, Región De",2017,Internacional,Recibido,,10.09
"Murcia, Región De",2018,Intrarregional,Intramunicipal,,48.02
"Murcia, Región De",2018,Intrarregional,Intermunicipal,,46.04
"Murcia, Región De",2018,Interregional,Expedido,,22.73
"Murcia, Región De",2018,Interregional,Recibido,,41.68
"Murcia, Región De",2018,Internacional,Expedido,,0.21
"Murcia, Región De",2018,Internacional,Recibido,,10.62
"Murcia, Región De",2019,Intrarregional,Intramunicipal,,46.3
"Murcia, Región De",2019,Intrarregional,Intermunicipal,,49.29
"Murcia, Región De",2019,Interregional,Expedido,,26.47
"Murcia, Región De",2019,Interregional,Recibido,,39.92
"Murcia, Región De",2019,Internacional,Expedido,,0.23
"Murcia, Región De",2019,Internacional,Recibido,,12.17
"Murcia, Región De",2020,Intrarregional,Intramunicipal,,46.44
"Murcia, Región De",2020,Intrarregional,Intermunicipal,,47.12
"Murcia, Región De",2020,Interregional,Expedido,,31.46
"Murcia, Región De",2020,Interregional,Recibido,,35.78
"Murcia, Región De",2020,Internacional,Expedido,,0.25
"Murcia, Región De",2020,Internacional,Recibido,,12.91
"Murcia, Región De",2021,Intrarregional,Intramunicipal,,45.5
"Murcia, Región De",2021,Intrarregional,Intermunicipal,,47.5
"Murcia, Región De",2021,Interregional,Expedido,,26.44
"Murcia, Región De",2021,Interregional,Recibido,,40.8
"Murcia, Región De",2021,Internacional,Expedido,,0.7
"Murcia, Región De",2021,Internacional,Recibido,,19.2
"Murcia, Región De",2022,Intrarregional,Intramunicipal,,46.69
"Murcia, Región De",2022,Intrarregional,Intermunicipal,,48.44
"Murcia, Región De",2022,Interregional,Expedido,,27.56
"Murcia, Región De",2022,Interregional,Recibido,,38.51
"Murcia, Región De",2022,Internacional,Expedido,,0.0
"Murcia, Región De",2022,Internacional,Recibido,,10.29
"Murcia, Región De",2023,Intrarregional,Intramunicipal,,46.18
"Murcia, Región De",2023,Intrarregional,Intermunicipal,,47.69
"Murcia, Región De",2023,Interregional,Expedido,,28.85
"Murcia, Región De",2023,Interregional,Recibido,,37.64
"Murcia, Región De",2023,Internacional,Expedido,,0.0
"Murcia, Región De",2023,Internacional,Recibido,,17.67
"Murcia, Región De",2024,Intrarregional,Intramunicipal,,48.82
"Murcia, Región De",2024,Intrarregional,Intermunicipal,,48.42
"Murcia, Región De",2024,Interregional,Expedido,,29.7
"Murcia, Región De",2024,Interregional,Recibido,,36.92
"Murcia, Región De",2024,Internacional,Expedido,,1.35
"Murcia, Región De",2024,Internacional,Recibido,,9.97
"Murcia, Región De",2017,Intrarregional,Intramunicipal,,45.97
"Murcia, Región De",2017,Intrarregional,Intermunicipal,,47.47
"Murcia, Región De",2017,Interregional,Expedido,,27.13
"Murcia, Región De",2017,Interregional,Recibido,,40.72
"Murcia, Región De",2017,Internacional,Expedido,,0.0
"Murcia, Región De",2017,Internacional,Recibido,,10.09
"Murcia, Región De",2018,Intrarregional,Intramunicipal,,48.02
"Murcia, Región De",2018,Intrarregional,Intermunicipal,,46.04
"Murcia, Región De",2018,Interregional,Expedido,,22.73
"Murcia, Región De",2018,Interregional,Recibido,,41.68
"Murcia, Región De",2018,Internacional,Expedido,,0.21
"Murcia, Región De",2018,Internacional,Recibido,,10.62
"Murcia, Región De",2019,Intrarregional,Intramunicipal,,46.3
"Murcia, Región De",2019,Intrarregional,Intermunicipal,,49.29
"Murcia, Región De",2019,Interregional,Expedido,,26.47
"Murcia, Región De",2019,Interregional,Recibido,,39.92
"Murcia, Región De",2019,Internacional,Expedido,,0.23
"Murcia, Región De",2019,Internacional,Recibido,,12.17
"Murcia, Región De",2020,Intrarregional,Intramunicipal,,46.44
"Murcia, Región De",2020,Intrarregional,Intermunicipal,,47.12
"Murcia, Región De",2020,Interregional,Expedido,,31.46
"Murcia, Región De",2020,Interregional,Recibido,,35.78
"Murcia, Región De",2020,Internacional,Expedido,,0.25
"Murcia, Región De",2020,Internacional,Recibido,,12.91
"Murcia, Región De",2021,Intrarregional,Intramunicipal,,45.5
"Murcia, Región De",2021,Intrarregional,Intermunicipal,,47.5
"Murcia, Región De",2021,Interregional,Expedido,,26.44
"Murcia, Región De",2021,Interregional,Recibido,,40.8
"Murcia, Región De",2021,Internacional,Expedido,,0.7
"Murcia, Región De",2021,Internacional,Recibido,,19.2
"Murcia, Región De",2022,Intrarregional,Intramunicipal,,46.69
"Murcia, Región De",2022,Intrarregional,Intermunicipal,,48.44
"Murcia, Región De",2022,Interregional,Expedido,,27.56
"Murcia, Región De",2022,Interregional,Recibido,,38.51
"Murcia, Región De",2022,Internacional,Expedido,,0.0
"Murcia, Región De",2022,Internacional,Recibido,,10.29
"Murcia, Región De",2023,Intrarregional,Intramunicipal,,46.18
"Murcia, Región De",2023,Intrarregional,Intermunicipal,,47.69
"Murcia, Región De",2023,Interregional,Expedido,,28.85
"Murcia, Región De",2023,Interregional,Recibido,,37.64
"Murcia, Región De",2023,Internacional,Expedido,,0.0
"Murcia, Región De",2023,Internacional,Recibido,,17.67
"Murcia, Región De",2024,Intrarregional,Intramunicipal,,48.82
"Murcia, Región De",2024,Intrarregional,Intermunicipal,,48.42
"Murcia, Región De",2024,Interregional,Expedido,,29.7
"Murcia, Región De",2024,Interregional,Recibido,,36.92
"Murcia, Región De",2024,Internacional,Expedido,,1.35
"Murcia, Región De",2024,Internacional,Recibido,,9.97
"Navarra, Comunidad Foral De",2017,Intrarregional,Intramunicipal,,37.16
"Navarra, Comunidad Foral De",2017,Intrarregional,Intermunicipal,,45.55
"Navarra, Comunidad Foral De",2017,Interregional,Expedido,,34.95
"Navarra, Comunidad Foral De",2017,Interregional,Recibido,,36.15
"Navarra, Comunidad Foral De",2017,Internacional,Expedido,,13.3
"Navarra, Comunidad Foral De",2017,Internacional,Recibido,,39.1
"Navarra, Comunidad Foral De",2018,Intrarregional,Intramunicipal,,48.77
"Navarra, Comunidad Foral De",2018,Intrarregional,Intermunicipal,,47.49
"Navarra, Comunidad Foral De",2018,Interregional,Expedido,,32.75
"Navarra, Comunidad Foral De",2018,Interregional,Recibido,,38.27
"Navarra, Comunidad Foral De",2018,Internacional,Expedido,,16.49
"Navarra, Comunidad Foral De",2018,Internacional,Recibido,,34.6
"Navarra, Comunidad Foral De",2019,Intrarregional,Intramunicipal,,28.61
"Navarra, Comunidad Foral De",2019,Intrarregional,Intermunicipal,,48.71
"Navarra, Comunidad Foral De",2019,Interregional,Expedido,,35.45
"Navarra, Comunidad Foral De",2019,Interregional,Recibido,,35.1
"Navarra, Comunidad Foral De",2019,Internacional,Expedido,,8.45
"Navarra, Comunidad Foral De",2019,Internacional,Recibido,,45.38
"Navarra, Comunidad Foral De",2020,Intrarregional,Intramunicipal,,41.54
"Navarra, Comunidad Foral De",2020,Intrarregional,Intermunicipal,,48.46
"Navarra, Comunidad Foral De",2020,Interregional,Expedido,,36.37
"Navarra, Comunidad Foral De",2020,Interregional,Recibido,,35.59
"Navarra, Comunidad Foral De",2020,Internacional,Expedido,,12.9
"Navarra, Comunidad Foral De",2020,Internacional,Recibido,,47.56
"Navarra, Comunidad Foral De",2021,Intrarregional,Intramunicipal,,42.57
"Navarra, Comunidad Foral De",2021,Intrarregional,Intermunicipal,,42.74
"Navarra, Comunidad Foral De",2021,Interregional,Expedido,,33.17
"Navarra, Comunidad Foral De",2021,Interregional,Recibido,,38.6
"Navarra, Comunidad Foral De",2021,Internacional,Expedido,,12.3
"Navarra, Comunidad Foral De",2021,Internacional,Recibido,,37.3
"Navarra, Comunidad Foral De",2022,Intrarregional,Intramunicipal,,46.75
"Navarra, Comunidad Foral De",2022,Intrarregional,Intermunicipal,,47.49
"Navarra, Comunidad Foral De",2022,Interregional,Expedido,,35.22
"Navarra, Comunidad Foral De",2022,Interregional,Recibido,,41.94
"Navarra, Comunidad Foral De",2022,Internacional,Expedido,,9.58
"Navarra, Comunidad Foral De",2022,Internacional,Recibido,,35.96
"Navarra, Comunidad Foral De",2023,Intrarregional,Intramunicipal,,43.41
"Navarra, Comunidad Foral De",2023,Intrarregional,Intermunicipal,,47.37
"Navarra, Comunidad Foral De",2023,Interregional,Expedido,,38.82
"Navarra, Comunidad Foral De",2023,Interregional,Recibido,,35.67
"Navarra, Comunidad Foral De",2023,Internacional,Expedido,,19.56
"Navarra, Comunidad Foral De",2023,Internacional,Recibido,,27.55
"Navarra, Comunidad Foral De",2024,Intrarregional,Intramunicipal,,43.71
"Navarra, Comunidad Foral De",2024,Intrarregional,Intermunicipal,,48.45
"Navarra, Comunidad Foral De",2024,Interregional,Expedido,,35.07
"Navarra, Comunidad Foral De",2024,Interregional,Recibido,,38.3
"Navarra, Comunidad Foral De",2024,Internacional,Expedido,,11.97
"Navarra, Comunidad Foral De",2024,Internacional,Recibido,,45.59
"Navarra, Comunidad Foral De",2017,Intrarregional,Intramunicipal,,37.16
"Navarra, Comunidad Foral De",2017,Intrarregional,Intermunicipal,,45.55
"Navarra, Comunidad Foral De",2017,Interregional,Expedido,,34.95
"Navarra, Comunidad Foral De",2017,Interregional,Recibido,,36.15
"Navarra, Comunidad Foral De",2017,Internacional,Expedido,,13.3
"Navarra, Comunidad Foral De",2017,Internacional,Recibido,,39.1
"Navarra, Comunidad Foral De",2018,Intrarregional,Intramunicipal,,48.77
"Navarra, Comunidad Foral De",2018,Intrarregional,Intermunicipal,,47.49
"Navarra, Comunidad Foral De",2018,Interregional,Expedido,,32.75
"Navarra, Comunidad Foral De",2018,Interregional,Recibido,,38.27
"Navarra, Comunidad Foral De",2018,Internacional,Expedido,,16.49
"Navarra, Comunidad Foral De",2018,Internacional,Recibido,,34.6
"Navarra, Comunidad Foral De",2019,Intrarregional,Intramunicipal,,28.61
"Navarra, Comunidad Foral De",2019,Intrarregional,Intermunicipal,,48.71
"Navarra, Comunidad Foral De",2019,Interregional,Expedido,,35.45
"Navarra, Comunidad Foral De",2019,Interregional,Recibido,,35.1
"Navarra, Comunidad Foral De",2019,Internacional,Expedido,,8.45
"Navarra, Comunidad Foral De",2019,Internacional,Recibido,,45.38
"Navarra, Comunidad Foral De",2020,Intrarregional,Intramunicipal,,41.54
"Navarra, Comunidad Foral De",2020,Intrarregional,Intermunicipal,,48.46
"Navarra, Comunidad Foral De",2020,Interregional,Expedido,,36.37
"Navarra, Comunidad Foral De",2020,Interregional,Recibido,,35.59
"Navarra, Comunidad Foral De",2020,Internacional,Expedido,,12.9
"Navarra, Comunidad Foral De",2020,Internacional,Recibido,,47.56
"Navarra, Comunidad Foral De",2021,Intrarregional,Intramunicipal,,42.57
"Navarra, Comunidad Foral De",2021,Intrarregional,Intermunicipal,,42.74
"Navarra, Comunidad Foral De",2021,Interregional,Expedido,,33.17
"Navarra, Comunidad Foral De",2021,Interregional,Recibido,,38.6
"Navarra, Comunidad Foral De",2021,Internacional,Expedido,,12.3
"Navarra, Comunidad Foral De",2021,Internacional,Recibido,,37.3
"Navarra, Comunidad Foral De",2022,Intrarregional,Intramunicipal,,46.75
"Navarra, Comunidad Foral De",2022,Intrarregional,Intermunicipal,,47.49
"Navarra, Comunidad Foral De",2022,Interregional,Expedido,,35.22
"Navarra, Comunidad Foral De",2022,Interregional,Recibido,,41.94
"Navarra, Comunidad Foral De",2022,Internacional,Expedido,,9.58
"Navarra, Comunidad Foral De",2022,Internacional,Recibido,,35.96
"Navarra, Comunidad Foral De",2023,Intrarregional,Intramunicipal,,43.41
"Navarra, Comunidad Foral De",2023,Intrarregional,Intermunicipal,,47.37
"Navarra, Comunidad Foral De",2023,Interregional,Expedido,,38.82
"Navarra, Comunidad Foral De",2023,Interregional,Recibido,,35.67
"Navarra, Comunidad Foral De",2023,Internacional,Expedido,,19.56
"Navarra, Comunidad Foral De",2023,Internacional,Recibido,,27.55
"Navarra, Comunidad Foral De",2024,Intrarregional,Intramunicipal,,43.71
"Navarra, Comunidad Foral De",2024,Intrarregional,Intermunicipal,,48.45
"Navarra, Comunidad Foral De",2024,Interregional,Expedido,,35.07
"Navarra, Comunidad Foral De",2024,Interregional,Recibido,,38.3
"Navarra, Comunidad Foral De",2024,Internacional,Expedido,,11.97
"Navarra, Comunidad Foral De",2024,Internacional,Recibido,,45.59
País Vasco,2017,Intrarregional,Intramunicipal,,38.63
País Vasco,2017,Intrarregional,Intermunicipal,,47.08
País Vasco,2017,Interregional,Expedido,,30.68
País Vasco,2017,Interregional,Recibido,,24.32
País Vasco,2017,Internacional,Expedido,,14.07
País Vasco,2017,Internacional,Recibido,,31.76
País Vasco,2018,Intrarregional,Intramunicipal,,45.28
País Vasco,2018,Intrarregional,Intermunicipal,,46.58
País Vasco,2018,Interregional,Expedido,,30.82
País Vasco,2018,Interregional,Recibido,,23.67
País Vasco,2018,Internacional,Expedido,,13.18
País Vasco,2018,Internacional,Recibido,,36.46
País Vasco,2019,Intrarregional,Intramunicipal,,48.58
País Vasco,2019,Intrarregional,Intermunicipal,,47.74
País Vasco,2019,Interregional,Expedido,,31.82
País Vasco,2019,Interregional,Recibido,,26.24
País Vasco,2019,Internacional,Expedido,,7.19
País Vasco,2019,Internacional,Recibido,,35.2
País Vasco,2020,Intrarregional,Intramunicipal,,46.1
País Vasco,2020,Intrarregional,Intermunicipal,,46.71
País Vasco,2020,Interregional,Expedido,,28.69
País Vasco,2020,Interregional,Recibido,,28.62
País Vasco,2020,Internacional,Expedido,,9.54
País Vasco,2020,Internacional,Recibido,,37.29
País Vasco,2021,Intrarregional,Intramunicipal,,43.76
País Vasco,2021,Intrarregional,Intermunicipal,,47.15
País Vasco,2021,Interregional,Expedido,,34.67
País Vasco,2021,Interregional,Recibido,,21.99
País Vasco,2021,Internacional,Expedido,,8.46
País Vasco,2021,Internacional,Recibido,,37.17
País Vasco,2022,Intrarregional,Intramunicipal,,44.77
País Vasco,2022,Intrarregional,Intermunicipal,,48.51
País Vasco,2022,Interregional,Expedido,,28.9
País Vasco,2022,Interregional,Recibido,,28.27
País Vasco,2022,Internacional,Expedido,,5.99
País Vasco,2022,Internacional,Recibido,,43.91
País Vasco,2023,Intrarregional,Intramunicipal,,45.55
País Vasco,2023,Intrarregional,Intermunicipal,,46.47
País Vasco,2023,Interregional,Expedido,,28.43
País Vasco,2023,Interregional,Recibido,,28.0
País Vasco,2023,Internacional,Expedido,,13.4
País Vasco,2023,Internacional,Recibido,,36.18
País Vasco,2024,Intrarregional,Intramunicipal,,43.71
País Vasco,2024,Intrarregional,Intermunicipal,,46.12
País Vasco,2024,Interregional,Expedido,,29.9
País Vasco,2024,Interregional,Recibido,,27.37
País Vasco,2024,Internacional,Expedido,,10.95
País Vasco,2024,Internacional,Recibido,,33.79
País Vasco,2017,Intrarregional,Intramunicipal,,38.63
País Vasco,2017,Intrarregional,Intermunicipal,,47.08
País Vasco,2017,Interregional,Expedido,,30.68
País Vasco,2017,Interregional,Recibido,,24.32
País Vasco,2017,Internacional,Expedido,,14.07
País Vasco,2017,Internacional,Recibido,,31.76
País Vasco,2018,Intrarregional,Intramunicipal,,45.28
País Vasco,2018,Intrarregional,Intermunicipal,,46.58
País Vasco,2018,Interregional,Expedido,,30.82
País Vasco,2018,Interregional,Recibido,,23.67
País Vasco,2018,Internacional,Expedido,,13.18
País Vasco,2018,Internacional,Recibido,,36.46
País Vasco,2019,Intrarregional,Intramunicipal,,48.58
País Vasco,2019,Intrarregional,Intermunicipal,,47.74
País Vasco,2019,Interregional,Expedido,,31.82
País Vasco,2019,Interregional,Recibido,,26.24
País Vasco,2019,Internacional,Expedido,,7.19
País Vasco,2019,Internacional,Recibido,,35.2
País Vasco,2020,Intrarregional,Intramunicipal,,46.1
País Vasco,2020,Intrarregional,Intermunicipal,,46.71
País Vasco,2020,Interregional,Expedido,,28.69
País Vasco,2020,Interregional,Recibido,,28.62
País Vasco,2020,Internacional,Expedido,,9.54
País Vasco,2020,Internacional,Recibido,,37.29
País Vasco,2021,Intrarregional,Intramunicipal,,43.76
País Vasco,2021,Intrarregional,Intermunicipal,,47.15
País Vasco,2021,Interregional,Expedido,,34.67
País Vasco,2021,Interregional,Recibido,,21.99
País Vasco,2021,Internacional,Expedido,,8.46
País Vasco,2021,Internacional,Recibido,,37.17
País Vasco,2022,Intrarregional,Intramunicipal,,44.77
País Vasco,2022,Intrarregional,Intermunicipal,,48.51
País Vasco,2022,Interregional,Expedido,,28.9
País Vasco,2022,Interregional,Recibido,,28.27
País Vasco,2022,Internacional,Expedido,,5.99
País Vasco,2022,Internacional,Recibido,,43.91
País Vasco,2023,Intrarregional,Intramunicipal,,45.55
País Vasco,2023,Intrarregional,Intermunicipal,,46.47
País Vasco,2023,Interregional,Expedido,,28.43
País Vasco,2023,Interregional,Recibido,,28.0
País Vasco,2023,Internacional,Expedido,,13.4
País Vasco,2023,Internacional,Recibido,,36.18
País Vasco,2024,Intrarregional,Intramunicipal,,43.71
País Vasco,2024,Intrarregional,Intermunicipal,,46.12
País Vasco,2024,Interregional,Expedido,,29.9
País Vasco,2024,Interregional,Recibido,,27.37
País Vasco,2024,Internacional,Expedido,,10.95
País Vasco,2024,Internacional,Recibido,,33.79
"Rioja, La",2017,Intrarregional,Intramunicipal,,45.17
"Rioja, La",2017,Intrarregional,Intermunicipal,,49.05
"Rioja, La",2017,Interregional,Expedido,,35.44
"Rioja, La",2017,Interregional,Recibido,,37.44
"Rioja, La",2017,Internacional,Expedido,,0.0
"Rioja, La",2017,Internacional,Recibido,,15.84
"Rioja, La",2018,Intrarregional,Intramunicipal,,45.86
"Rioja, La",2018,Intrarregional,Intermunicipal,,48.75
"Rioja, La",2018,Interregional,Expedido,,37.35
"Rioja, La",2018,Interregional,Recibido,,37.6
"Rioja, La",2018,Internacional,Expedido,,0.0
"Rioja, La",2018,Internacional,Recibido,,25.47
"Rioja, La",2019,Intrarregional,Intramunicipal,,46.95
"Rioja, La",2019,Intrarregional,Intermunicipal,,48.15
"Rioja, La",2019,Interregional,Expedido,,34.11
"Rioja, La",2019,Interregional,Recibido,,45.12
"Rioja, La",2019,Internacional,Expedido,,6.49
"Rioja, La",2019,Internacional,Recibido,,36.31
"Rioja, La",2020,Intrarregional,Intramunicipal,,48.18
"Rioja, La",2020,Intrarregional,Intermunicipal,,49.73
"Rioja, La",2020,Interregional,Expedido,,40.7
"Rioja, La",2020,Interregional,Recibido,,36.37
"Rioja, La",2020,Internacional,Expedido,,0.0
"Rioja, La",2020,Internacional,Recibido,,45.57
"Rioja, La",2021,Intrarregional,Intramunicipal,,48.78
"Rioja, La",2021,Intrarregional,Intermunicipal,,49.76
"Rioja, La",2021,Interregional,Expedido,,39.54
"Rioja, La",2021,Interregional,Recibido,,33.94
"Rioja, La",2021,Internacional,Expedido,,0.0
"Rioja, La",2021,Internacional,Recibido,,33.31
"Rioja, La",2022,Intrarregional,Intramunicipal,,48.11
"Rioja, La",2022,Intrarregional,Intermunicipal,,52.27
"Rioja, La",2022,Interregional,Expedido,,45.17
"Rioja, La",2022,Interregional,Recibido,,32.89
"Rioja, La",2022,Internacional,Expedido,,0.0
"Rioja, La",2022,Internacional,Recibido,,49.36
"Rioja, La",2023,Intrarregional,Intramunicipal,,42.13
"Rioja, La",2023,Intrarregional,Intermunicipal,,49.03
"Rioja, La",2023,Interregional,Expedido,,40.21
"Rioja, La",2023,Interregional,Recibido,,37.89
"Rioja, La",2023,Internacional,Expedido,,2.48
"Rioja, La",2023,Internacional,Recibido,,32.13
"Rioja, La",2024,Intrarregional,Intramunicipal,,47.93
"Rioja, La",2024,Intrarregional,Intermunicipal,,49.87
"Rioja, La",2024,Interregional,Expedido,,43.44
"Rioja, La",2024,Interregional,Recibido,,35.9
"Rioja, La",2024,Internacional,Expedido,,0.0
"Rioja, La",2024,Internacional,Recibido,,13.75
"Rioja, La",2017,Intrarregional,Intramunicipal,,45.17
"Rioja, La",2017,Intrarregional,Intermunicipal,,49.05
"Rioja, La",2017,Interregional,Expedido,,35.44
"Rioja, La",2017,Interregional,Recibido,,37.44
"Rioja, La",2017,Internacional,Expedido,,0.0
"Rioja, La",2017,Internacional,Recibido,,15.84
"Rioja, La",2018,Intrarregional,Intramunicipal,,45.86
"Rioja, La",2018,Intrarregional,Intermunicipal,,48.75
"Rioja, La",2018,Interregional,Expedido,,37.35
"Rioja, La",2018,Interregional,Recibido,,37.6
"Rioja, La",2018,Internacional,Expedido,,0.0
"Rioja, La",2018,Internacional,Recibido,,25.47
"Rioja, La",2019,Intrarregional,Intramunicipal,,46.95
"Rioja, La",2019,Intrarregional,Intermunicipal,,48.15
"Rioja, La",2019,Interregional,Expedido,,34.11
"Rioja, La",2019,Interregional,Recibido,,45.12
"Rioja, La",2019,Internacional,Expedido,,6.49
"Rioja, La",2019,Internacional,Recibido,,36.31
"Rioja, La",2020,Intrarregional,Intramunicipal,,48.18
"Rioja, La",2020,Intrarregional,Intermunicipal,,49.73
"Rioja, La",2020,Interregional,Expedido,,40.7
"Rioja, La",2020,Interregional,Recibido,,36.37
"Rioja, La",2020,Internacional,Expedido,,0.0
"Rioja, La",2020,Internacional,Recibido,,45.57
"Rioja, La",2021,Intrarregional,Intramunicipal,,48.78
"Rioja, La",2021,Intrarregional,Intermunicipal,,49.76
"Rioja, La",2021,Interregional,Expedido,,39.54
"Rioja, La",2021,Interregional,Recibido,,33.94
"Rioja, La",2021,Internacional,Expedido,,0.0
"Rioja, La",2021,Internacional,Recibido,,33.31
"Rioja, La",2022,Intrarregional,Intramunicipal,,48.11
"Rioja, La",2022,Intrarregional,Intermunicipal,,52.27
"Rioja, La",2022,Interregional,Expedido,,45.17
"Rioja, La",2022,Interregional,Recibido,,32.89
"Rioja, La",2022,Internacional,Expedido,,0.0
"Rioja, La",2022,Internacional,Recibido,,49.36
"Rioja, La",2023,Intrarregional,Intramunicipal,,42.13
"Rioja, La",2023,Intrarregional,Intermunicipal,,49.03
"Rioja, La",2023,Interregional,Expedido,,40.21
"Rioja, La",2023,Interregional,Recibido,,37.89
"Rioja, La",2023,Internacional,Expedido,,2.48
"Rioja, La",2023,Internacional,Recibido,,32.13
"Rioja, La",2024,Intrarregional,Intramunicipal,,47.93
"Rioja, La",2024,Intrarregional,Intermunicipal,,49.87
"Rioja, La",2024,Interregional,Expedido,,43.44
"Rioja, La",2024,Interregional,Recibido,,35.9
"Rioja, La",2024,Internacional,Expedido,,0.0
"Rioja, La",2024,Internacional,Recibido,,13.75
